<?xml version="1.0"?>
<ArrayOfMapCollateralDataItem xmlns:xsd="http://www.w3.org/2001/XMLSchema" xmlns:xsi="http://www.w3.org/2001/XMLSchema-instance">
  <MapCollateralDataItem FileName="Petrosys map collateral">
    <Version>16.3.3.25975</Version>
    <Id>e13b6eed-d8ff-4852-b468-1562c6844718</Id>
    <DataSourceId>Petrosys.MapCollateralDataSource</DataSourceId>
    <CollateralType>0</CollateralType>
    <Data />
    <UserName>CONOCO\bormap</UserName>
    <Time>2018-02-01T08:23:16.1162356Z</Time>
    <Parent>://empty/empty</Parent>
    <Children />
  </MapCollateralDataItem>
</ArrayOfMapCollateralDataItem>