<?xml version="1.0"?>
<ArrayOfMapTemplateDataItem xmlns:xsd="http://www.w3.org/2001/XMLSchema" xmlns:xsi="http://www.w3.org/2001/XMLSchema-instance">
  <MapTemplateDataItem Name="Petrosys map templates">
    <Version>16.3.3.25975</Version>
    <Id>4af3f40d-ba0a-47e1-870d-5f31ec7b49b2</Id>
    <DataSourceId>Petrosys.MapTemplateDataSource</DataSourceId>
    <TemplateType>0</TemplateType>
    <Data />
    <UserName>CONOCO\bormap</UserName>
    <Time>2018-02-01T08:23:16.1162356Z</Time>
    <Parent>://empty/empty</Parent>
    <Children />
  </MapTemplateDataItem>
</ArrayOfMapTemplateDataItem>