<Petrel>
<project>
	<name>public wells poseidon.pet</name>
	<Xmin>399404.21106412</Xmin>
	<Xmax>435066.19941181</Xmax>
	<Ymin>8466743.96220509</Ymin>
	<Ymax>8499340.70992551</Ymax>
	<Zmin>-5331.71084894</Zmin>
	<Zmax>26.40000000</Zmax>
	<UnitXY>m</UnitXY>
	<UnitZ>m</UnitZ>
	<AreaUnit>acre</AreaUnit>
	<VolumeUnit>acre.ft</VolumeUnit>
	<TimeUnit>ms</TimeUnit>
	<VelocityUnit>m/s</VelocityUnit>
	<SimulationUnitSystem>ECLIPSE-Metric</SimulationUnitSystem>
	<TimeZone>Undefined</TimeZone>
	<TimeZoneDst>false</TimeZoneDst>
	<Projection>GDA94 / MGA Zone 51</Projection>
	<Datum>MSL</Datum>
	<SeismicReferenceDatum>0.00000000</SeismicReferenceDatum>
	<Country></Country>
	<Area></Area>
	<Block></Block>
	<License></License>
	<Comments></Comments>
	<CharacterSet>1252  (ANSI - Latin I)</CharacterSet>
	<Version>2016.3 (64-bit)</Version>
	<Build>Feb  7 2017</Build>
</project>
</Petrel>
