﻿<?xml version="1.0" encoding="utf-8" standalone="yes"?>
<FormatTemplate>
  <Droid>://Slb.GeoscienceWindow.Framework.Core.DataSource.CoreDataSource/Type=Slb.GeoscienceWindow.Framework.Core.Templates.FormatTemplate&amp;id=0c7fb85d-5623-4664-8aa2-3afd02e4d00c</Droid>
  <ApplicationName>Petrel</ApplicationName>
  <FrameworkVersion>2016.1</FrameworkVersion>
  <Name>Core</Name>
  <LastModified UtcTicks="636220224000000000" />
  <ModifiedBy>(Made by Petrel)</ModifiedBy>
  <TemplateCollection>://Slb.GeoscienceWindow.Framework.Core.DataSource.CoreDataSource/Type=Slb.GeoscienceWindow.Framework.Core.Templates.FormatTemplateCollection&amp;id=db5317e2-1ae3-42ad-b81d-804de887f28d</TemplateCollection>
  <BoreholeTemplateItems>
    <DataTrackFormatTemplate>
      <Droid>://Slb.GeoscienceWindow.Framework.Core.DataSource.CoreDataSource/Type=Slb.GeoscienceWindow.Wellsection.Core.Templates.DataTrackFormatTemplate&amp;id=f795f09e-b635-4a7f-8d3a-d7d91cc069c4</Droid>
      <Name>Gamma</Name>
      <Enabled>true</Enabled>
      <NeedToAutoRefreshCandidateList>true</NeedToAutoRefreshCandidateList>
      <AllowedParentTypes>
        <AllowedParentType>BoreholeRootFormatTemplateNode</AllowedParentType>
        <AllowedParentType>DeviatedRootFormatTemplate</AllowedParentType>
      </AllowedParentTypes>
      <Styles>
        <TemplateInfoStyle>
          <Droid>://Slb.GeoscienceWindow.Framework.Core.DataSource.CoreDataSource/Type=Slb.GeoscienceWindow.Wellsection.Core.Styles.TemplateInfoStyle&amp;id=bc806634-2430-4d63-b831-145014b4ae0e</Droid>
          <UseAutomaticNamingTag>false</UseAutomaticNamingTag>
          <NameTag>Gamma</NameTag>
        </TemplateInfoStyle>
        <TrackSettingsStyle>
          <Droid>://Slb.GeoscienceWindow.Framework.Core.DataSource.CoreDataSource/Type=Slb.GeoscienceWindow.Wellsection.Core.Styles.TrackSettingsStyle&amp;id=e6c16acd-650e-462c-bcad-2dd3fd8c29a5</Droid>
          <IsDiscreteTrack>false</IsDiscreteTrack>
          <UseTrackWidth>true</UseTrackWidth>
          <TrackWidth>25</TrackWidth>
          <TrackWidthLocked>false</TrackWidthLocked>
          <GridlineType>Linear</GridlineType>
          <ValueLabelType>Cumulative</ValueLabelType>
          <AllowValueLabelOption>false</AllowValueLabelOption>
          <ShowValueLabels>true</ShowValueLabels>
          <UseVerticalLines>true</UseVerticalLines>
          <VerticalLineSpacingType>Auto</VerticalLineSpacingType>
          <VerticalLineIncrement>10</VerticalLineIncrement>
          <VerticalLineDivisions>5</VerticalLineDivisions>
          <UseMajorHorizontalLines>true</UseMajorHorizontalLines>
          <UseMinorHorizontalLines>false</UseMinorHorizontalLines>
          <UseBorderLines>true</UseBorderLines>
          <LineColor>-16777216</LineColor>
          <LineWidth>1</LineWidth>
          <BackgroundColor>-1</BackgroundColor>
          <BackgroundTransparency>0</BackgroundTransparency>
          <EndValue>1</EndValue>
          <DecadeCount>1</DecadeCount>
          <LogScale>1</LogScale>
          <UseMinorLogarithmicVerticalLines>true</UseMinorLogarithmicVerticalLines>
          <LimitMinorLogarithmicVerticalLines>true</LimitMinorLogarithmicVerticalLines>
        </TrackSettingsStyle>
        <CurveFillStyle>
          <Droid>://Slb.GeoscienceWindow.Framework.Core.DataSource.CoreDataSource/Type=Slb.GeoscienceWindow.Wellsection.Core.Styles.CurveFillStyle&amp;id=b143ed77-9c0d-41b8-8b8a-8d188fe59ef9</Droid>
          <CurveFillStyleItems>
            <CurveFillStyleItem>
              <Droid>://Slb.GeoscienceWindow.Framework.Core.DataSource.CoreDataSource/Type=Slb.GeoscienceWindow.Wellsection.Core.Styles.CurveFillStyleItem&amp;id=3d52830e-d15b-43a4-99bf-ed5822f6b7b3</Droid>
              <UseTag>true</UseTag>
              <Name>Color fill</Name>
              <!--This element is for internal use by I2DW only and does not represent any graphical information-->
              <SerializableType>Slb.GeoscienceWindow.Wellsection.Plugin.Petrel.SerializableObjects.CurveFillSerializableObject, Slb.GeoscienceWindow.Wellsection.Plugin.Petrel, Version=16.3.0.0, Culture=neutral, PublicKeyToken=14ef4a483ef6a64b</SerializableType>
              <DepthIntervalTypeFrom>Well</DepthIntervalTypeFrom>
              <DepthIntervalTypeTo>Well</DepthIntervalTypeTo>
              <DepthIntervalMDFrom>0</DepthIntervalMDFrom>
              <DepthIntervalMDTo>2000</DepthIntervalMDTo>
              <FillEdgeTypeFrom>Curve</FillEdgeTypeFrom>
              <FillEdgeTypeTo>PanelEdge</FillEdgeTypeTo>
              <FillEdgeLevelFrom>0</FillEdgeLevelFrom>
              <FillEdgeLevelTo>0</FillEdgeLevelTo>
              <FillEdgeCurveFrom>V=1&amp;Node.Id=%3A%2F%2FSlb.GeoscienceWindow.Framework.Core.DataSource.CoreDataSource%2FType%3DSlb.GeoscienceWindow.Wellsection.Plugin.Petrel.Templates.LogFormatTemplate%26id%3D3683539e-ec83-471a-be4e-1f6b2d79c6f0</FillEdgeCurveFrom>
              <FillEdgeCurveTo>V=1&amp;Node.Id=%3A%2F%2FSlb.GeoscienceWindow.Framework.Core.DataSource.CoreDataSource%2FType%3DSlb.GeoscienceWindow.Wellsection.Plugin.Petrel.Templates.LogFormatTemplate%26id%3D3683539e-ec83-471a-be4e-1f6b2d79c6f0</FillEdgeCurveTo>
              <CrossoverType>None</CrossoverType>
              <ColorAsProperty>V=1&amp;Node.Id=%3A%2F%2FSlb.GeoscienceWindow.Framework.Core.DataSource.CoreDataSource%2FType%3DSlb.GeoscienceWindow.Wellsection.Plugin.Petrel.Templates.LogFormatTemplate%26id%3D3683539e-ec83-471a-be4e-1f6b2d79c6f0</ColorAsProperty>
              <ColorAsGridProperty></ColorAsGridProperty>
              <ColorAsWellPointProperty></ColorAsWellPointProperty>
              <UsePatternPos>false</UsePatternPos>
              <PatternIndexPos>34</PatternIndexPos>
              <PatternColorPos>-16777216</PatternColorPos>
              <FillColorTypePos>AsDefined</FillColorTypePos>
              <FillColorPos>-96</FillColorPos>
              <UsePatternNeg>false</UsePatternNeg>
              <PatternIndexNeg>6</PatternIndexNeg>
              <PatternColorNeg>-16777216</PatternColorNeg>
              <FillColorTypeNeg>None</FillColorTypeNeg>
              <FillColorNeg>0</FillColorNeg>
              <UseHandlerTag>://empty/empty</UseHandlerTag>
              <DataTypeEnumTag>WellLog</DataTypeEnumTag>
              <UseDODepthRange>false</UseDODepthRange>
              <Owner>://empty/empty</Owner>
              <Transparency>255</Transparency>
              <ShowReferenceLines>true</ShowReferenceLines>
            </CurveFillStyleItem>
          </CurveFillStyleItems>
        </CurveFillStyle>
      </Styles>
      <Children>
        <LogFormatTemplate>
          <Droid>://Slb.GeoscienceWindow.Framework.Core.DataSource.CoreDataSource/Type=Slb.GeoscienceWindow.Wellsection.Plugin.Petrel.Templates.LogFormatTemplate&amp;id=3683539e-ec83-471a-be4e-1f6b2d79c6f0</Droid>
          <Name>Gamma ray</Name>
          <Enabled>true</Enabled>
          <NeedToAutoRefreshCandidateList>true</NeedToAutoRefreshCandidateList>
          <AllowedParentTypes>
            <AllowedParentType>DataTrackFormatTemplate</AllowedParentType>
          </AllowedParentTypes>
          <Styles>
            <TemplateInfoStyle>
              <Droid>://Slb.GeoscienceWindow.Framework.Core.DataSource.CoreDataSource/Type=Slb.GeoscienceWindow.Wellsection.Core.Styles.TemplateInfoStyle&amp;id=9bc5f915-79a8-48fd-9326-69cc25f9614a</Droid>
              <UseAutomaticNamingTag>true</UseAutomaticNamingTag>
              <NameTag>Undef</NameTag>
            </TemplateInfoStyle>
            <WellLogTemplateDefinitionStyle>
              <Droid>://Slb.GeoscienceWindow.Framework.Core.DataSource.CoreDataSource/Type=Slb.GeoscienceWindow.Wellsection.Plugin.Petrel.Styles.TemplateDefinition.WellLogTemplateDefinitionStyle&amp;id=09a3eedb-4bab-44fe-aeaa-e1224e288e44</Droid>
              <PrimaryDomainObject>V=1&amp;Template.Droid=%3A%2F%2F1d9a2dd1-dd1d-4676-a92e-6057e64d33c2%2F00000032-0000-0000-0000-000000000000&amp;Template.Name=Gamma%20ray</PrimaryDomainObject>
              <SecondaryDomainObject></SecondaryDomainObject>
              <TertiaryDomainObject></TertiaryDomainObject>
              <IsTertiaryCheckBoxChecked>false</IsTertiaryCheckBoxChecked>
              <FilterString></FilterString>
              <MatchSimilar>false</MatchSimilar>
              <IsCreatedFromTemplatePage>true</IsCreatedFromTemplatePage>
              <DefinitionEntries />
            </WellLogTemplateDefinitionStyle>
            <WellLogGeneralSettingsStyle>
              <Droid>://Slb.GeoscienceWindow.Framework.Core.DataSource.CoreDataSource/Type=Slb.GeoscienceWindow.Wellsection.Plugin.Petrel.Styles.WellLogGeneralSettingsStyle&amp;id=d57ee2d9-45c7-4bc0-abc4-adabceecbeb1</Droid>
              <CurveLimitMethod>Auto</CurveLimitMethod>
              <UseMinValue>true</UseMinValue>
              <UseMaxValue>true</UseMaxValue>
              <MinValue>0</MinValue>
              <MaxValue>150</MaxValue>
              <Direction>Normal</Direction>
              <WrapLog>None</WrapLog>
            </WellLogGeneralSettingsStyle>
            <WellLog2DLogStyle>
              <Droid>://Slb.GeoscienceWindow.Framework.Core.DataSource.CoreDataSource/Type=Slb.GeoscienceWindow.Wellsection.Plugin.Petrel.Styles.WellLog2DLogStyle&amp;id=dd949621-6430-40be-853d-b4150c711c4a</Droid>
              <DisplayMode>Line</DisplayMode>
              <LineColorType>Other</LineColorType>
              <LineColor>-16724992</LineColor>
              <LineWidth>1</LineWidth>
              <LineType>Solid</LineType>
              <BlockCurve>NONE</BlockCurve>
              <PointColorType>Black</PointColorType>
              <PointColor>-65536</PointColor>
              <PointsSize>5</PointsSize>
              <PointsSymbol>Circle</PointsSymbol>
              <DictionaryBorder>true</DictionaryBorder>
              <DictionaryColorFill>true</DictionaryColorFill>
              <DictionaryPattern>false</DictionaryPattern>
              <DictionaryText>true</DictionaryText>
              <UseAutoSettingForWrap>true</UseAutoSettingForWrap>
              <MinWrapColorType>Black</MinWrapColorType>
              <MinWrapColor>-16777216</MinWrapColor>
              <MinWrapStyle>Dotted</MinWrapStyle>
              <MinWrapWidth>1</MinWrapWidth>
              <MaxWrapColorType>Black</MaxWrapColorType>
              <MaxWrapColor>-16777216</MaxWrapColor>
              <MaxWrapWidth>1</MaxWrapWidth>
              <MaxWrapStyle>Dotted</MaxWrapStyle>
              <MinWrapFillColorType>None</MinWrapFillColorType>
              <MinWrapFillColor>16777215</MinWrapFillColor>
              <MaxWrapFillColorType>None</MaxWrapFillColorType>
              <MaxWrapFillColor>16777215</MaxWrapFillColor>
            </WellLog2DLogStyle>
          </Styles>
          <CustomAttributes />
        </LogFormatTemplate>
      </Children>
      <CustomAttributes />
    </DataTrackFormatTemplate>
    <IndexFormatTemplate>
      <Droid>://Slb.GeoscienceWindow.Framework.Core.DataSource.CoreDataSource/Type=Slb.GeoscienceWindow.Wellsection.Plugin.Petrel.Templates.IndexFormatTemplate&amp;id=cd69a058-bb0e-41a5-878a-aa494f84a51d</Droid>
      <Name>Index track</Name>
      <Enabled>true</Enabled>
      <NeedToAutoRefreshCandidateList>true</NeedToAutoRefreshCandidateList>
      <AllowedParentTypes>
        <AllowedParentType>BoreholeRootFormatTemplateNode</AllowedParentType>
        <AllowedParentType>DeviatedRootFormatTemplate</AllowedParentType>
      </AllowedParentTypes>
      <Styles>
        <IndexTrackStyle>
          <Droid>://Slb.GeoscienceWindow.Framework.Core.DataSource.CoreDataSource/Type=Slb.GeoscienceWindow.Wellsection.Core.Styles.IndexTrackStyle&amp;id=b5afb282-4c7d-4f50-9bfb-680d0cb007a5</Droid>
          <FlattenAuto>true</FlattenAuto>
          <FlattenStyle>Absolute</FlattenStyle>
          <AnnotateAuto>true</AnnotateAuto>
          <AnnotateStyle>Horizontal</AnnotateStyle>
          <AnnotateAngle>-45</AnnotateAngle>
          <TickAuto>true</TickAuto>
          <TickLeft>true</TickLeft>
          <TickRight>true</TickRight>
          <DepthKind>SSTVD</DepthKind>
          <UseTrackWidth>false</UseTrackWidth>
          <UseConstantWidth>false</UseConstantWidth>
          <ConstantWidth>10</ConstantWidth>
          <UseSpecifiedTrackFont>false</UseSpecifiedTrackFont>
          <ConstantFont>8</ConstantFont>
          <UseWellScale>false</UseWellScale>
          <ShowScaleLabel>true</ShowScaleLabel>
          <ShowIndexBorders>true</ShowIndexBorders>
          <MajorIncrementAuto>true</MajorIncrementAuto>
          <MajorIncrementManualValue>100</MajorIncrementManualValue>
          <NumberOfMinorTicks>10</NumberOfMinorTicks>
        </IndexTrackStyle>
      </Styles>
      <CustomAttributes />
    </IndexFormatTemplate>
    <DataTrackFormatTemplate>
      <Droid>://Slb.GeoscienceWindow.Framework.Core.DataSource.CoreDataSource/Type=Slb.GeoscienceWindow.Wellsection.Core.Templates.DataTrackFormatTemplate&amp;id=9ab61432-d2a7-4ad3-b9c6-62393ac200e3</Droid>
      <Name>Core photos</Name>
      <Enabled>true</Enabled>
      <NeedToAutoRefreshCandidateList>true</NeedToAutoRefreshCandidateList>
      <AllowedParentTypes>
        <AllowedParentType>BoreholeRootFormatTemplateNode</AllowedParentType>
        <AllowedParentType>DeviatedRootFormatTemplate</AllowedParentType>
      </AllowedParentTypes>
      <Styles>
        <TemplateInfoStyle>
          <Droid>://Slb.GeoscienceWindow.Framework.Core.DataSource.CoreDataSource/Type=Slb.GeoscienceWindow.Wellsection.Core.Styles.TemplateInfoStyle&amp;id=84b034e8-624b-49e5-ad2e-8a8dd74e6339</Droid>
          <UseAutomaticNamingTag>false</UseAutomaticNamingTag>
          <NameTag>Core photos</NameTag>
        </TemplateInfoStyle>
        <TrackSettingsStyle>
          <Droid>://Slb.GeoscienceWindow.Framework.Core.DataSource.CoreDataSource/Type=Slb.GeoscienceWindow.Wellsection.Core.Styles.TrackSettingsStyle&amp;id=e860f70d-583f-40f2-a9b0-a717ab759b4b</Droid>
          <IsDiscreteTrack>false</IsDiscreteTrack>
          <UseTrackWidth>true</UseTrackWidth>
          <TrackWidth>8</TrackWidth>
          <TrackWidthLocked>false</TrackWidthLocked>
          <GridlineType>Linear</GridlineType>
          <ValueLabelType>Cumulative</ValueLabelType>
          <AllowValueLabelOption>false</AllowValueLabelOption>
          <ShowValueLabels>true</ShowValueLabels>
          <UseVerticalLines>true</UseVerticalLines>
          <VerticalLineSpacingType>Auto</VerticalLineSpacingType>
          <VerticalLineIncrement>10</VerticalLineIncrement>
          <VerticalLineDivisions>5</VerticalLineDivisions>
          <UseMajorHorizontalLines>true</UseMajorHorizontalLines>
          <UseMinorHorizontalLines>false</UseMinorHorizontalLines>
          <UseBorderLines>true</UseBorderLines>
          <LineColor>-16777216</LineColor>
          <LineWidth>1</LineWidth>
          <BackgroundColor>-1</BackgroundColor>
          <BackgroundTransparency>0</BackgroundTransparency>
          <EndValue>1</EndValue>
          <DecadeCount>1</DecadeCount>
          <LogScale>1</LogScale>
          <UseMinorLogarithmicVerticalLines>true</UseMinorLogarithmicVerticalLines>
          <LimitMinorLogarithmicVerticalLines>true</LimitMinorLogarithmicVerticalLines>
        </TrackSettingsStyle>
        <CurveFillStyle>
          <Droid>://Slb.GeoscienceWindow.Framework.Core.DataSource.CoreDataSource/Type=Slb.GeoscienceWindow.Wellsection.Core.Styles.CurveFillStyle&amp;id=bbee0872-293d-42a9-85fc-d928ec76e1ce</Droid>
          <CurveFillStyleItems />
        </CurveFillStyle>
      </Styles>
      <Children>
        <BitmapLogFormatTemplate>
          <Droid>://Slb.GeoscienceWindow.Framework.Core.DataSource.CoreDataSource/Type=Slb.GeoscienceWindow.Wellsection.Plugin.Petrel.Templates.BitmapLogFormatTemplate&amp;id=5b769e58-8894-49ae-a915-b58da9b39850</Droid>
          <Name>Bitmap log</Name>
          <Enabled>true</Enabled>
          <NeedToAutoRefreshCandidateList>true</NeedToAutoRefreshCandidateList>
          <AllowedParentTypes>
            <AllowedParentType>DataTrackFormatTemplate</AllowedParentType>
          </AllowedParentTypes>
          <Styles>
            <TemplateInfoStyle>
              <Droid>://Slb.GeoscienceWindow.Framework.Core.DataSource.CoreDataSource/Type=Slb.GeoscienceWindow.Wellsection.Core.Styles.TemplateInfoStyle&amp;id=a0ee30be-20d6-49b7-ac23-41a764deb366</Droid>
              <UseAutomaticNamingTag>true</UseAutomaticNamingTag>
              <NameTag>Undef</NameTag>
            </TemplateInfoStyle>
            <BitmapLogTemplateDefinitionStyle>
              <Droid>://Slb.GeoscienceWindow.Framework.Core.DataSource.CoreDataSource/Type=Slb.GeoscienceWindow.Wellsection.Plugin.Petrel.Styles.TemplateDefinition.BitmapLogTemplateDefinitionStyle&amp;id=ff803d31-0e23-4441-b275-53de5396e538</Droid>
              <PrimaryDomainObject></PrimaryDomainObject>
              <SecondaryDomainObject></SecondaryDomainObject>
              <TertiaryDomainObject></TertiaryDomainObject>
              <IsTertiaryCheckBoxChecked>false</IsTertiaryCheckBoxChecked>
              <FilterString></FilterString>
              <MatchSimilar>false</MatchSimilar>
              <IsCreatedFromTemplatePage>true</IsCreatedFromTemplatePage>
              <DefinitionEntries />
            </BitmapLogTemplateDefinitionStyle>
            <BitmapLogStyle>
              <Droid>://Slb.GeoscienceWindow.Framework.Core.DataSource.CoreDataSource/Type=Slb.GeoscienceWindow.Wellsection.Plugin.Petrel.Styles.BitmapLogStyle&amp;id=5f78fdf3-0b8c-47eb-9227-7e36621e6914</Droid>
              <EditLineColor>-16777216</EditLineColor>
              <BoundaryColor>-65536</BoundaryColor>
              <ShowBoundary>true</ShowBoundary>
              <LineWidth>2</LineWidth>
              <LineStyle>Solid</LineStyle>
            </BitmapLogStyle>
          </Styles>
          <CustomAttributes />
        </BitmapLogFormatTemplate>
      </Children>
      <CustomAttributes />
    </DataTrackFormatTemplate>
    <DataTrackFormatTemplate>
      <Droid>://Slb.GeoscienceWindow.Framework.Core.DataSource.CoreDataSource/Type=Slb.GeoscienceWindow.Wellsection.Core.Templates.DataTrackFormatTemplate&amp;id=01aef31d-6493-403e-a0d3-f19f4c2a0b65</Droid>
      <Name>Log/CorePlugs</Name>
      <Enabled>true</Enabled>
      <NeedToAutoRefreshCandidateList>true</NeedToAutoRefreshCandidateList>
      <AllowedParentTypes>
        <AllowedParentType>BoreholeRootFormatTemplateNode</AllowedParentType>
        <AllowedParentType>DeviatedRootFormatTemplate</AllowedParentType>
      </AllowedParentTypes>
      <Styles>
        <TemplateInfoStyle>
          <Droid>://Slb.GeoscienceWindow.Framework.Core.DataSource.CoreDataSource/Type=Slb.GeoscienceWindow.Wellsection.Core.Styles.TemplateInfoStyle&amp;id=49890b1d-ba1a-495f-8483-ebc91b2d9fbf</Droid>
          <UseAutomaticNamingTag>true</UseAutomaticNamingTag>
          <NameTag>Undef</NameTag>
        </TemplateInfoStyle>
        <TrackSettingsStyle>
          <Droid>://Slb.GeoscienceWindow.Framework.Core.DataSource.CoreDataSource/Type=Slb.GeoscienceWindow.Wellsection.Core.Styles.TrackSettingsStyle&amp;id=1bfac948-6f20-42f9-b414-44baa8f954c2</Droid>
          <IsDiscreteTrack>false</IsDiscreteTrack>
          <UseTrackWidth>false</UseTrackWidth>
          <TrackWidth>25</TrackWidth>
          <TrackWidthLocked>false</TrackWidthLocked>
          <GridlineType>Logarithmic</GridlineType>
          <ValueLabelType>Cumulative</ValueLabelType>
          <AllowValueLabelOption>false</AllowValueLabelOption>
          <ShowValueLabels>true</ShowValueLabels>
          <UseVerticalLines>true</UseVerticalLines>
          <VerticalLineSpacingType>Auto</VerticalLineSpacingType>
          <VerticalLineIncrement>10</VerticalLineIncrement>
          <VerticalLineDivisions>5</VerticalLineDivisions>
          <UseMajorHorizontalLines>true</UseMajorHorizontalLines>
          <UseMinorHorizontalLines>false</UseMinorHorizontalLines>
          <UseBorderLines>true</UseBorderLines>
          <LineColor>-16777216</LineColor>
          <LineWidth>1</LineWidth>
          <BackgroundColor>-1</BackgroundColor>
          <BackgroundTransparency>0</BackgroundTransparency>
          <EndValue>1</EndValue>
          <DecadeCount>1</DecadeCount>
          <LogScale>1</LogScale>
          <UseMinorLogarithmicVerticalLines>true</UseMinorLogarithmicVerticalLines>
          <LimitMinorLogarithmicVerticalLines>true</LimitMinorLogarithmicVerticalLines>
        </TrackSettingsStyle>
        <CurveFillStyle>
          <Droid>://Slb.GeoscienceWindow.Framework.Core.DataSource.CoreDataSource/Type=Slb.GeoscienceWindow.Wellsection.Core.Styles.CurveFillStyle&amp;id=12270ddb-4cd8-42b6-9065-e176da564e92</Droid>
          <CurveFillStyleItems>
            <CurveFillStyleItem>
              <Droid>://Slb.GeoscienceWindow.Framework.Core.DataSource.CoreDataSource/Type=Slb.GeoscienceWindow.Wellsection.Core.Styles.CurveFillStyleItem&amp;id=5945673d-a356-4ea3-91b4-b6b44537ee85</Droid>
              <UseTag>true</UseTag>
              <Name>Color fill</Name>
              <!--This element is for internal use by I2DW only and does not represent any graphical information-->
              <SerializableType>Slb.GeoscienceWindow.Wellsection.Plugin.Petrel.SerializableObjects.CurveFillSerializableObject, Slb.GeoscienceWindow.Wellsection.Plugin.Petrel, Version=16.3.0.0, Culture=neutral, PublicKeyToken=14ef4a483ef6a64b</SerializableType>
              <DepthIntervalTypeFrom>Well</DepthIntervalTypeFrom>
              <DepthIntervalTypeTo>Well</DepthIntervalTypeTo>
              <DepthIntervalMDFrom>0</DepthIntervalMDFrom>
              <DepthIntervalMDTo>2000</DepthIntervalMDTo>
              <FillEdgeTypeFrom>Curve</FillEdgeTypeFrom>
              <FillEdgeTypeTo>PanelEdge</FillEdgeTypeTo>
              <FillEdgeLevelFrom>0</FillEdgeLevelFrom>
              <FillEdgeLevelTo>0</FillEdgeLevelTo>
              <FillEdgeCurveFrom>V=1&amp;Node.Id=%3A%2F%2FSlb.GeoscienceWindow.Framework.Core.DataSource.CoreDataSource%2FType%3DSlb.GeoscienceWindow.Wellsection.Plugin.Petrel.Templates.LogFormatTemplate%26id%3D71ff7dcf-286d-4dda-8c01-ecb4197cdd49</FillEdgeCurveFrom>
              <FillEdgeCurveTo></FillEdgeCurveTo>
              <CrossoverType>None</CrossoverType>
              <ColorAsProperty>V=1&amp;Node.Id=%3A%2F%2FSlb.GeoscienceWindow.Framework.Core.DataSource.CoreDataSource%2FType%3DSlb.GeoscienceWindow.Wellsection.Plugin.Petrel.Templates.LogFormatTemplate%26id%3D71ff7dcf-286d-4dda-8c01-ecb4197cdd49</ColorAsProperty>
              <ColorAsGridProperty></ColorAsGridProperty>
              <ColorAsWellPointProperty></ColorAsWellPointProperty>
              <UsePatternPos>false</UsePatternPos>
              <PatternIndexPos>34</PatternIndexPos>
              <PatternColorPos>-16777216</PatternColorPos>
              <FillColorTypePos>AsDefined</FillColorTypePos>
              <FillColorPos>-96</FillColorPos>
              <UsePatternNeg>false</UsePatternNeg>
              <PatternIndexNeg>6</PatternIndexNeg>
              <PatternColorNeg>-16777216</PatternColorNeg>
              <FillColorTypeNeg>None</FillColorTypeNeg>
              <FillColorNeg>0</FillColorNeg>
              <UseHandlerTag>://empty/empty</UseHandlerTag>
              <DataTypeEnumTag>WellLog</DataTypeEnumTag>
              <UseDODepthRange>false</UseDODepthRange>
              <Owner>://empty/empty</Owner>
              <Transparency>255</Transparency>
              <ShowReferenceLines>true</ShowReferenceLines>
            </CurveFillStyleItem>
          </CurveFillStyleItems>
        </CurveFillStyle>
      </Styles>
      <Children>
        <LogFormatTemplate>
          <Droid>://Slb.GeoscienceWindow.Framework.Core.DataSource.CoreDataSource/Type=Slb.GeoscienceWindow.Wellsection.Plugin.Petrel.Templates.LogFormatTemplate&amp;id=71ff7dcf-286d-4dda-8c01-ecb4197cdd49</Droid>
          <Name>Log</Name>
          <Enabled>true</Enabled>
          <NeedToAutoRefreshCandidateList>true</NeedToAutoRefreshCandidateList>
          <AllowedParentTypes>
            <AllowedParentType>DataTrackFormatTemplate</AllowedParentType>
          </AllowedParentTypes>
          <Styles>
            <TemplateInfoStyle>
              <Droid>://Slb.GeoscienceWindow.Framework.Core.DataSource.CoreDataSource/Type=Slb.GeoscienceWindow.Wellsection.Core.Styles.TemplateInfoStyle&amp;id=c325166f-30da-4fd6-bed4-cbb6482b14c3</Droid>
              <UseAutomaticNamingTag>false</UseAutomaticNamingTag>
              <NameTag>Log</NameTag>
            </TemplateInfoStyle>
            <WellLogTemplateDefinitionStyle>
              <Droid>://Slb.GeoscienceWindow.Framework.Core.DataSource.CoreDataSource/Type=Slb.GeoscienceWindow.Wellsection.Plugin.Petrel.Styles.TemplateDefinition.WellLogTemplateDefinitionStyle&amp;id=ba8aa0bf-0427-47fd-9cf6-f1246386d83e</Droid>
              <PrimaryDomainObject>V=1&amp;Template.Droid=%3A%2F%2F1d9a2dd1-dd1d-4676-a92e-6057e64d33c2%2F00000018-0000-0000-0000-000000000000&amp;Template.Name=Permeability</PrimaryDomainObject>
              <SecondaryDomainObject></SecondaryDomainObject>
              <TertiaryDomainObject></TertiaryDomainObject>
              <IsTertiaryCheckBoxChecked>false</IsTertiaryCheckBoxChecked>
              <FilterString></FilterString>
              <MatchSimilar>false</MatchSimilar>
              <IsCreatedFromTemplatePage>true</IsCreatedFromTemplatePage>
              <DefinitionEntries />
            </WellLogTemplateDefinitionStyle>
            <WellLogGeneralSettingsStyle>
              <Droid>://Slb.GeoscienceWindow.Framework.Core.DataSource.CoreDataSource/Type=Slb.GeoscienceWindow.Wellsection.Plugin.Petrel.Styles.WellLogGeneralSettingsStyle&amp;id=84e65d49-39a5-4c10-8254-f4809143bf93</Droid>
              <CurveLimitMethod>Auto</CurveLimitMethod>
              <UseMinValue>true</UseMinValue>
              <UseMaxValue>true</UseMaxValue>
              <MinValue>0.0001</MinValue>
              <MaxValue>10000</MaxValue>
              <Direction>Normal</Direction>
              <WrapLog>None</WrapLog>
            </WellLogGeneralSettingsStyle>
            <WellLog2DLogStyle>
              <Droid>://Slb.GeoscienceWindow.Framework.Core.DataSource.CoreDataSource/Type=Slb.GeoscienceWindow.Wellsection.Plugin.Petrel.Styles.WellLog2DLogStyle&amp;id=17aae80a-b071-4688-8575-6a6d721ad00c</Droid>
              <DisplayMode>Line</DisplayMode>
              <LineColorType>Black</LineColorType>
              <LineColor>-65536</LineColor>
              <LineWidth>1</LineWidth>
              <LineType>Solid</LineType>
              <BlockCurve>NONE</BlockCurve>
              <PointColorType>Black</PointColorType>
              <PointColor>-65536</PointColor>
              <PointsSize>5</PointsSize>
              <PointsSymbol>Circle</PointsSymbol>
              <DictionaryBorder>true</DictionaryBorder>
              <DictionaryColorFill>true</DictionaryColorFill>
              <DictionaryPattern>false</DictionaryPattern>
              <DictionaryText>true</DictionaryText>
              <UseAutoSettingForWrap>true</UseAutoSettingForWrap>
              <MinWrapColorType>Black</MinWrapColorType>
              <MinWrapColor>-16777216</MinWrapColor>
              <MinWrapStyle>Dotted</MinWrapStyle>
              <MinWrapWidth>1</MinWrapWidth>
              <MaxWrapColorType>Black</MaxWrapColorType>
              <MaxWrapColor>-16777216</MaxWrapColor>
              <MaxWrapWidth>1</MaxWrapWidth>
              <MaxWrapStyle>Dotted</MaxWrapStyle>
              <MinWrapFillColorType>None</MinWrapFillColorType>
              <MinWrapFillColor>16777215</MinWrapFillColor>
              <MaxWrapFillColorType>None</MaxWrapFillColorType>
              <MaxWrapFillColor>16777215</MaxWrapFillColor>
            </WellLog2DLogStyle>
          </Styles>
          <CustomAttributes />
        </LogFormatTemplate>
        <WellPointPropertyFormatTemplate>
          <Droid>://Slb.GeoscienceWindow.Framework.Core.DataSource.CoreDataSource/Type=Slb.GeoscienceWindow.Wellsection.Plugin.Petrel.Templates.WellPointPropertyFormatTemplate&amp;id=c089f3c8-6a64-4527-882c-f92b836131ee</Droid>
          <Name>CorePlugs</Name>
          <Enabled>true</Enabled>
          <NeedToAutoRefreshCandidateList>true</NeedToAutoRefreshCandidateList>
          <AllowedParentTypes>
            <AllowedParentType>DataTrackFormatTemplate</AllowedParentType>
          </AllowedParentTypes>
          <Styles>
            <TemplateInfoStyle>
              <Droid>://Slb.GeoscienceWindow.Framework.Core.DataSource.CoreDataSource/Type=Slb.GeoscienceWindow.Wellsection.Core.Styles.TemplateInfoStyle&amp;id=15d77a1b-3048-4daf-afae-5a16fdf976b3</Droid>
              <UseAutomaticNamingTag>false</UseAutomaticNamingTag>
              <NameTag>CorePlugs</NameTag>
            </TemplateInfoStyle>
            <WellPointPropertyTemplateDefinitionStyle>
              <Droid>://Slb.GeoscienceWindow.Framework.Core.DataSource.CoreDataSource/Type=Slb.GeoscienceWindow.Wellsection.Plugin.Petrel.Styles.TemplateDefinition.WellPointPropertyTemplateDefinitionStyle&amp;id=00fef440-e9d7-4f25-90f2-5f7e10cc2dcd</Droid>
              <PrimaryDomainObject>V=1&amp;Template.Droid=%3A%2F%2F1d9a2dd1-dd1d-4676-a92e-6057e64d33c2%2F00000018-0000-0000-0000-000000000000&amp;Template.Name=Permeability</PrimaryDomainObject>
              <SecondaryDomainObject>V=1&amp;WellPointPropertyDomainObjectType=Marker</SecondaryDomainObject>
              <TertiaryDomainObject></TertiaryDomainObject>
              <IsTertiaryCheckBoxChecked>false</IsTertiaryCheckBoxChecked>
              <FilterString></FilterString>
              <MatchSimilar>false</MatchSimilar>
              <IsCreatedFromTemplatePage>true</IsCreatedFromTemplatePage>
              <DefinitionEntries />
            </WellPointPropertyTemplateDefinitionStyle>
            <WellLogGeneralSettingsStyle>
              <Droid>://Slb.GeoscienceWindow.Framework.Core.DataSource.CoreDataSource/Type=Slb.GeoscienceWindow.Wellsection.Plugin.Petrel.Styles.WellLogGeneralSettingsStyle&amp;id=79ce8249-e488-4b02-9a8f-06a2562b86c2</Droid>
              <CurveLimitMethod>Auto</CurveLimitMethod>
              <UseMinValue>true</UseMinValue>
              <UseMaxValue>true</UseMaxValue>
              <MinValue>0.0001</MinValue>
              <MaxValue>10000</MaxValue>
              <Direction>Normal</Direction>
              <WrapLog>None</WrapLog>
            </WellLogGeneralSettingsStyle>
            <PointZoneAttributeStyle>
              <Droid>://Slb.GeoscienceWindow.Framework.Core.DataSource.CoreDataSource/Type=Slb.GeoscienceWindow.Wellsection.Plugin.Petrel.Styles.PointZoneAttributeStyle&amp;id=eb19234a-cb3f-47ef-ba87-e90303ed6e84</Droid>
              <DisplayMode>Symbol</DisplayMode>
              <LineColorType>Black</LineColorType>
              <LineColor>-16777216</LineColor>
              <LineWidth>1</LineWidth>
              <LineType>Solid</LineType>
              <BlockCurve>NONE</BlockCurve>
              <PointColorType>Black</PointColorType>
              <PointColor>-16777216</PointColor>
              <PointsSize>4</PointsSize>
              <PointsSymbol>TriangleUpFilled</PointsSymbol>
              <DictionaryBorder>true</DictionaryBorder>
              <DictionaryColorFill>true</DictionaryColorFill>
              <DictionaryPattern>false</DictionaryPattern>
              <DictionaryText>true</DictionaryText>
              <ShowLabels>true</ShowLabels>
              <ShowZoneAttributeLabels>true</ShowZoneAttributeLabels>
              <ShowZoneFill>true</ShowZoneFill>
              <Prefix></Prefix>
              <Suffix></Suffix>
              <LabelColorType>Black</LabelColorType>
              <LabelColor>-16777216</LabelColor>
              <FillColorType>AsDefined</FillColorType>
              <FontType>
                <FontType>
                  <Droid>://Slb.GeoscienceWindow.Framework.Core.DataSource.CoreDataSource/Type=Slb.GeoscienceWindow.Framework.Core.Styles.FontType&amp;id=6969f07c-34c4-4737-b0f7-fc9baf9d76dc</Droid>
                  <Size>4</Size>
                  <Bold>false</Bold>
                  <Italics>false</Italics>
                  <Underline>false</Underline>
                </FontType>
              </FontType>
              <LabelPosition>MIDDLE_LEFT</LabelPosition>
              <ShowOutlineBox>false</ShowOutlineBox>
            </PointZoneAttributeStyle>
          </Styles>
          <CustomAttributes />
        </WellPointPropertyFormatTemplate>
      </Children>
      <CustomAttributes />
    </DataTrackFormatTemplate>
    <DataTrackFormatTemplate>
      <Droid>://Slb.GeoscienceWindow.Framework.Core.DataSource.CoreDataSource/Type=Slb.GeoscienceWindow.Wellsection.Core.Templates.DataTrackFormatTemplate&amp;id=0141be7a-f2fa-42ed-ac0e-fefa27b4a39d</Droid>
      <Name>Log/CorePlugs</Name>
      <Enabled>true</Enabled>
      <NeedToAutoRefreshCandidateList>true</NeedToAutoRefreshCandidateList>
      <AllowedParentTypes>
        <AllowedParentType>BoreholeRootFormatTemplateNode</AllowedParentType>
        <AllowedParentType>DeviatedRootFormatTemplate</AllowedParentType>
      </AllowedParentTypes>
      <Styles>
        <TemplateInfoStyle>
          <Droid>://Slb.GeoscienceWindow.Framework.Core.DataSource.CoreDataSource/Type=Slb.GeoscienceWindow.Wellsection.Core.Styles.TemplateInfoStyle&amp;id=bd293779-2618-4d39-9b1e-6e8849022aa7</Droid>
          <UseAutomaticNamingTag>true</UseAutomaticNamingTag>
          <NameTag>Undef</NameTag>
        </TemplateInfoStyle>
        <TrackSettingsStyle>
          <Droid>://Slb.GeoscienceWindow.Framework.Core.DataSource.CoreDataSource/Type=Slb.GeoscienceWindow.Wellsection.Core.Styles.TrackSettingsStyle&amp;id=bab317e1-e0df-41c1-91ce-4e90a4a5e66b</Droid>
          <IsDiscreteTrack>false</IsDiscreteTrack>
          <UseTrackWidth>false</UseTrackWidth>
          <TrackWidth>25</TrackWidth>
          <TrackWidthLocked>false</TrackWidthLocked>
          <GridlineType>Linear</GridlineType>
          <ValueLabelType>Cumulative</ValueLabelType>
          <AllowValueLabelOption>false</AllowValueLabelOption>
          <ShowValueLabels>true</ShowValueLabels>
          <UseVerticalLines>true</UseVerticalLines>
          <VerticalLineSpacingType>Auto</VerticalLineSpacingType>
          <VerticalLineIncrement>10</VerticalLineIncrement>
          <VerticalLineDivisions>5</VerticalLineDivisions>
          <UseMajorHorizontalLines>true</UseMajorHorizontalLines>
          <UseMinorHorizontalLines>false</UseMinorHorizontalLines>
          <UseBorderLines>true</UseBorderLines>
          <LineColor>-16777216</LineColor>
          <LineWidth>1</LineWidth>
          <BackgroundColor>-1</BackgroundColor>
          <BackgroundTransparency>0</BackgroundTransparency>
          <EndValue>1</EndValue>
          <DecadeCount>1</DecadeCount>
          <LogScale>1</LogScale>
          <UseMinorLogarithmicVerticalLines>true</UseMinorLogarithmicVerticalLines>
          <LimitMinorLogarithmicVerticalLines>true</LimitMinorLogarithmicVerticalLines>
        </TrackSettingsStyle>
        <CurveFillStyle>
          <Droid>://Slb.GeoscienceWindow.Framework.Core.DataSource.CoreDataSource/Type=Slb.GeoscienceWindow.Wellsection.Core.Styles.CurveFillStyle&amp;id=57750ba7-463d-4aa2-978e-02666dd94c4f</Droid>
          <CurveFillStyleItems />
        </CurveFillStyle>
      </Styles>
      <Children>
        <LogFormatTemplate>
          <Droid>://Slb.GeoscienceWindow.Framework.Core.DataSource.CoreDataSource/Type=Slb.GeoscienceWindow.Wellsection.Plugin.Petrel.Templates.LogFormatTemplate&amp;id=3d6ad0d4-e258-44fa-af8b-d9d9480f0cbe</Droid>
          <Name>Log</Name>
          <Enabled>true</Enabled>
          <NeedToAutoRefreshCandidateList>true</NeedToAutoRefreshCandidateList>
          <AllowedParentTypes>
            <AllowedParentType>DataTrackFormatTemplate</AllowedParentType>
          </AllowedParentTypes>
          <Styles>
            <TemplateInfoStyle>
              <Droid>://Slb.GeoscienceWindow.Framework.Core.DataSource.CoreDataSource/Type=Slb.GeoscienceWindow.Wellsection.Core.Styles.TemplateInfoStyle&amp;id=ede38ff9-738f-4b65-b110-c9c61d1cf05b</Droid>
              <UseAutomaticNamingTag>false</UseAutomaticNamingTag>
              <NameTag>Log</NameTag>
            </TemplateInfoStyle>
            <WellLogTemplateDefinitionStyle>
              <Droid>://Slb.GeoscienceWindow.Framework.Core.DataSource.CoreDataSource/Type=Slb.GeoscienceWindow.Wellsection.Plugin.Petrel.Styles.TemplateDefinition.WellLogTemplateDefinitionStyle&amp;id=2be66087-ec83-4951-a420-a300146bd2fb</Droid>
              <PrimaryDomainObject>V=1&amp;Template.Droid=%3A%2F%2F1d9a2dd1-dd1d-4676-a92e-6057e64d33c2%2F00000014-0000-0000-0000-000000000000&amp;Template.Name=Porosity</PrimaryDomainObject>
              <SecondaryDomainObject></SecondaryDomainObject>
              <TertiaryDomainObject></TertiaryDomainObject>
              <IsTertiaryCheckBoxChecked>false</IsTertiaryCheckBoxChecked>
              <FilterString></FilterString>
              <MatchSimilar>false</MatchSimilar>
              <IsCreatedFromTemplatePage>true</IsCreatedFromTemplatePage>
              <DefinitionEntries />
            </WellLogTemplateDefinitionStyle>
            <WellLogGeneralSettingsStyle>
              <Droid>://Slb.GeoscienceWindow.Framework.Core.DataSource.CoreDataSource/Type=Slb.GeoscienceWindow.Wellsection.Plugin.Petrel.Styles.WellLogGeneralSettingsStyle&amp;id=c03adfe5-12c8-4c36-8225-251c4f558c4d</Droid>
              <CurveLimitMethod>Auto</CurveLimitMethod>
              <UseMinValue>true</UseMinValue>
              <UseMaxValue>true</UseMaxValue>
              <MinValue>0</MinValue>
              <MaxValue>0.5</MaxValue>
              <Direction>Normal</Direction>
              <WrapLog>None</WrapLog>
            </WellLogGeneralSettingsStyle>
            <WellLog2DLogStyle>
              <Droid>://Slb.GeoscienceWindow.Framework.Core.DataSource.CoreDataSource/Type=Slb.GeoscienceWindow.Wellsection.Plugin.Petrel.Styles.WellLog2DLogStyle&amp;id=f2355a4d-5f83-485f-8e92-e24237dab391</Droid>
              <DisplayMode>Line</DisplayMode>
              <LineColorType>Other</LineColorType>
              <LineColor>-3371008</LineColor>
              <LineWidth>1</LineWidth>
              <LineType>Solid</LineType>
              <BlockCurve>NONE</BlockCurve>
              <PointColorType>Black</PointColorType>
              <PointColor>-65536</PointColor>
              <PointsSize>5</PointsSize>
              <PointsSymbol>Circle</PointsSymbol>
              <DictionaryBorder>true</DictionaryBorder>
              <DictionaryColorFill>true</DictionaryColorFill>
              <DictionaryPattern>false</DictionaryPattern>
              <DictionaryText>true</DictionaryText>
              <UseAutoSettingForWrap>true</UseAutoSettingForWrap>
              <MinWrapColorType>Black</MinWrapColorType>
              <MinWrapColor>-16777216</MinWrapColor>
              <MinWrapStyle>Dotted</MinWrapStyle>
              <MinWrapWidth>1</MinWrapWidth>
              <MaxWrapColorType>Black</MaxWrapColorType>
              <MaxWrapColor>-16777216</MaxWrapColor>
              <MaxWrapWidth>1</MaxWrapWidth>
              <MaxWrapStyle>Dotted</MaxWrapStyle>
              <MinWrapFillColorType>None</MinWrapFillColorType>
              <MinWrapFillColor>16777215</MinWrapFillColor>
              <MaxWrapFillColorType>None</MaxWrapFillColorType>
              <MaxWrapFillColor>16777215</MaxWrapFillColor>
            </WellLog2DLogStyle>
          </Styles>
          <CustomAttributes />
        </LogFormatTemplate>
        <WellPointPropertyFormatTemplate>
          <Droid>://Slb.GeoscienceWindow.Framework.Core.DataSource.CoreDataSource/Type=Slb.GeoscienceWindow.Wellsection.Plugin.Petrel.Templates.WellPointPropertyFormatTemplate&amp;id=891eacfc-d3e3-4aba-8bb5-5bf6b494ae73</Droid>
          <Name>CorePlugs</Name>
          <Enabled>true</Enabled>
          <NeedToAutoRefreshCandidateList>true</NeedToAutoRefreshCandidateList>
          <AllowedParentTypes>
            <AllowedParentType>DataTrackFormatTemplate</AllowedParentType>
          </AllowedParentTypes>
          <Styles>
            <TemplateInfoStyle>
              <Droid>://Slb.GeoscienceWindow.Framework.Core.DataSource.CoreDataSource/Type=Slb.GeoscienceWindow.Wellsection.Core.Styles.TemplateInfoStyle&amp;id=34ec1f00-6ca3-45d7-8deb-b41aeab8a2a1</Droid>
              <UseAutomaticNamingTag>false</UseAutomaticNamingTag>
              <NameTag>CorePlugs</NameTag>
            </TemplateInfoStyle>
            <WellPointPropertyTemplateDefinitionStyle>
              <Droid>://Slb.GeoscienceWindow.Framework.Core.DataSource.CoreDataSource/Type=Slb.GeoscienceWindow.Wellsection.Plugin.Petrel.Styles.TemplateDefinition.WellPointPropertyTemplateDefinitionStyle&amp;id=b0e0f73e-c355-4b34-93f5-19102522169a</Droid>
              <PrimaryDomainObject>V=1&amp;Template.Droid=%3A%2F%2F1d9a2dd1-dd1d-4676-a92e-6057e64d33c2%2F00000014-0000-0000-0000-000000000000&amp;Template.Name=Porosity</PrimaryDomainObject>
              <SecondaryDomainObject>V=1&amp;WellPointPropertyDomainObjectType=Marker</SecondaryDomainObject>
              <TertiaryDomainObject></TertiaryDomainObject>
              <IsTertiaryCheckBoxChecked>false</IsTertiaryCheckBoxChecked>
              <FilterString></FilterString>
              <MatchSimilar>false</MatchSimilar>
              <IsCreatedFromTemplatePage>true</IsCreatedFromTemplatePage>
              <DefinitionEntries />
            </WellPointPropertyTemplateDefinitionStyle>
            <WellLogGeneralSettingsStyle>
              <Droid>://Slb.GeoscienceWindow.Framework.Core.DataSource.CoreDataSource/Type=Slb.GeoscienceWindow.Wellsection.Plugin.Petrel.Styles.WellLogGeneralSettingsStyle&amp;id=36cbff7f-bb4b-4758-85ca-16bf2a54dde7</Droid>
              <CurveLimitMethod>Auto</CurveLimitMethod>
              <UseMinValue>true</UseMinValue>
              <UseMaxValue>true</UseMaxValue>
              <MinValue>0</MinValue>
              <MaxValue>0.5</MaxValue>
              <Direction>Normal</Direction>
              <WrapLog>None</WrapLog>
            </WellLogGeneralSettingsStyle>
            <PointZoneAttributeStyle>
              <Droid>://Slb.GeoscienceWindow.Framework.Core.DataSource.CoreDataSource/Type=Slb.GeoscienceWindow.Wellsection.Plugin.Petrel.Styles.PointZoneAttributeStyle&amp;id=48bfbe3a-0cc2-4a2e-8c58-55ad8e385b92</Droid>
              <DisplayMode>Symbol</DisplayMode>
              <LineColorType>Black</LineColorType>
              <LineColor>-16777216</LineColor>
              <LineWidth>1</LineWidth>
              <LineType>Solid</LineType>
              <BlockCurve>NONE</BlockCurve>
              <PointColorType>Black</PointColorType>
              <PointColor>-16777216</PointColor>
              <PointsSize>4</PointsSize>
              <PointsSymbol>TriangleDownFilled</PointsSymbol>
              <DictionaryBorder>true</DictionaryBorder>
              <DictionaryColorFill>true</DictionaryColorFill>
              <DictionaryPattern>false</DictionaryPattern>
              <DictionaryText>true</DictionaryText>
              <ShowLabels>true</ShowLabels>
              <ShowZoneAttributeLabels>true</ShowZoneAttributeLabels>
              <ShowZoneFill>true</ShowZoneFill>
              <Prefix></Prefix>
              <Suffix></Suffix>
              <LabelColorType>Black</LabelColorType>
              <LabelColor>-16777216</LabelColor>
              <FillColorType>AsDefined</FillColorType>
              <FontType>
                <FontType>
                  <Droid>://Slb.GeoscienceWindow.Framework.Core.DataSource.CoreDataSource/Type=Slb.GeoscienceWindow.Framework.Core.Styles.FontType&amp;id=00de22e9-7d31-413b-a624-703d5629d1fd</Droid>
                  <Size>4</Size>
                  <Bold>false</Bold>
                  <Italics>false</Italics>
                  <Underline>false</Underline>
                </FontType>
              </FontType>
              <LabelPosition>MIDDLE_LEFT</LabelPosition>
              <ShowOutlineBox>false</ShowOutlineBox>
            </PointZoneAttributeStyle>
          </Styles>
          <CustomAttributes />
        </WellPointPropertyFormatTemplate>
      </Children>
      <CustomAttributes />
    </DataTrackFormatTemplate>
  </BoreholeTemplateItems>
  <WellsectionTemplateItems />
  <CorrelationTemplateItems />
  <DeviatedTemplateItems />
  <Color>LightBlue</Color>
  <Comment>Well section template</Comment>
</FormatTemplate>