﻿<?xml version="1.0" encoding="utf-8" standalone="yes"?>
<FormatTemplate>
  <Droid>://Slb.GeoscienceWindow.Framework.Core.DataSource.CoreDataSource/Type=Slb.GeoscienceWindow.Framework.Core.Templates.FormatTemplate&amp;id=1b5fea3d-368c-41d7-99d4-959e61646652</Droid>
  <ApplicationName>Petrel</ApplicationName>
  <FrameworkVersion>2016.1</FrameworkVersion>
  <Name>Completion log</Name>
  <LastModified UtcTicks="636220224000000000" />
  <ModifiedBy>(Made by Petrel)</ModifiedBy>
  <TemplateCollection>://Slb.GeoscienceWindow.Framework.Core.DataSource.CoreDataSource/Type=Slb.GeoscienceWindow.Framework.Core.Templates.FormatTemplateCollection&amp;id=db5317e2-1ae3-42ad-b81d-804de887f28d</TemplateCollection>
  <BoreholeTemplateItems>
    <DataTrackFormatTemplate>
      <Droid>://Slb.GeoscienceWindow.Framework.Core.DataSource.CoreDataSource/Type=Slb.GeoscienceWindow.Wellsection.Core.Templates.DataTrackFormatTemplate&amp;id=a0c82ffc-707e-4028-bbc8-fc4d28c81dca</Droid>
      <Name>Gamma ray/Caliper/Spontaneous potential</Name>
      <Enabled>true</Enabled>
      <NeedToAutoRefreshCandidateList>true</NeedToAutoRefreshCandidateList>
      <AllowedParentTypes>
        <AllowedParentType>BoreholeRootFormatTemplateNode</AllowedParentType>
        <AllowedParentType>DeviatedRootFormatTemplate</AllowedParentType>
      </AllowedParentTypes>
      <Styles>
        <TemplateInfoStyle>
          <Droid>://Slb.GeoscienceWindow.Framework.Core.DataSource.CoreDataSource/Type=Slb.GeoscienceWindow.Wellsection.Core.Styles.TemplateInfoStyle&amp;id=9932f94f-55d6-4156-ac6b-257c83b29cbb</Droid>
          <UseAutomaticNamingTag>true</UseAutomaticNamingTag>
          <NameTag>Undef</NameTag>
        </TemplateInfoStyle>
        <TrackSettingsStyle>
          <Droid>://Slb.GeoscienceWindow.Framework.Core.DataSource.CoreDataSource/Type=Slb.GeoscienceWindow.Wellsection.Core.Styles.TrackSettingsStyle&amp;id=731a83d6-8085-4815-a343-6557d340e742</Droid>
          <IsDiscreteTrack>false</IsDiscreteTrack>
          <UseTrackWidth>true</UseTrackWidth>
          <TrackWidth>25</TrackWidth>
          <TrackWidthLocked>false</TrackWidthLocked>
          <GridlineType>Linear</GridlineType>
          <ValueLabelType>Cumulative</ValueLabelType>
          <AllowValueLabelOption>false</AllowValueLabelOption>
          <ShowValueLabels>true</ShowValueLabels>
          <UseVerticalLines>true</UseVerticalLines>
          <VerticalLineSpacingType>Auto</VerticalLineSpacingType>
          <VerticalLineIncrement>10</VerticalLineIncrement>
          <VerticalLineDivisions>5</VerticalLineDivisions>
          <UseMajorHorizontalLines>true</UseMajorHorizontalLines>
          <UseMinorHorizontalLines>false</UseMinorHorizontalLines>
          <UseBorderLines>true</UseBorderLines>
          <LineColor>-16777216</LineColor>
          <LineWidth>1</LineWidth>
          <BackgroundColor>-1</BackgroundColor>
          <BackgroundTransparency>0</BackgroundTransparency>
          <EndValue>1</EndValue>
          <DecadeCount>1</DecadeCount>
          <LogScale>1</LogScale>
          <UseMinorLogarithmicVerticalLines>true</UseMinorLogarithmicVerticalLines>
          <LimitMinorLogarithmicVerticalLines>true</LimitMinorLogarithmicVerticalLines>
        </TrackSettingsStyle>
        <CurveFillStyle>
          <Droid>://Slb.GeoscienceWindow.Framework.Core.DataSource.CoreDataSource/Type=Slb.GeoscienceWindow.Wellsection.Core.Styles.CurveFillStyle&amp;id=4af0e3fc-290c-4c8f-8912-cb9c18f1f0f8</Droid>
          <CurveFillStyleItems />
        </CurveFillStyle>
      </Styles>
      <Children>
        <LogFormatTemplate>
          <Droid>://Slb.GeoscienceWindow.Framework.Core.DataSource.CoreDataSource/Type=Slb.GeoscienceWindow.Wellsection.Plugin.Petrel.Templates.LogFormatTemplate&amp;id=f042feac-3171-4c34-9c03-ff351ec4c863</Droid>
          <Name>Gamma ray</Name>
          <Enabled>true</Enabled>
          <NeedToAutoRefreshCandidateList>true</NeedToAutoRefreshCandidateList>
          <AllowedParentTypes>
            <AllowedParentType>DataTrackFormatTemplate</AllowedParentType>
          </AllowedParentTypes>
          <Styles>
            <TemplateInfoStyle>
              <Droid>://Slb.GeoscienceWindow.Framework.Core.DataSource.CoreDataSource/Type=Slb.GeoscienceWindow.Wellsection.Core.Styles.TemplateInfoStyle&amp;id=97c8f1fe-b2c9-4381-915c-b26988bb99d9</Droid>
              <UseAutomaticNamingTag>true</UseAutomaticNamingTag>
              <NameTag>Undef</NameTag>
            </TemplateInfoStyle>
            <WellLogTemplateDefinitionStyle>
              <Droid>://Slb.GeoscienceWindow.Framework.Core.DataSource.CoreDataSource/Type=Slb.GeoscienceWindow.Wellsection.Plugin.Petrel.Styles.TemplateDefinition.WellLogTemplateDefinitionStyle&amp;id=bb295d4f-0e43-42a7-963e-c7fe63799aa6</Droid>
              <PrimaryDomainObject>V=1&amp;Template.Droid=%3A%2F%2F1d9a2dd1-dd1d-4676-a92e-6057e64d33c2%2F00000032-0000-0000-0000-000000000000&amp;Template.Name=Gamma%20ray</PrimaryDomainObject>
              <SecondaryDomainObject></SecondaryDomainObject>
              <TertiaryDomainObject></TertiaryDomainObject>
              <IsTertiaryCheckBoxChecked>false</IsTertiaryCheckBoxChecked>
              <FilterString></FilterString>
              <MatchSimilar>false</MatchSimilar>
              <IsCreatedFromTemplatePage>true</IsCreatedFromTemplatePage>
              <DefinitionEntries />
            </WellLogTemplateDefinitionStyle>
            <WellLogGeneralSettingsStyle>
              <Droid>://Slb.GeoscienceWindow.Framework.Core.DataSource.CoreDataSource/Type=Slb.GeoscienceWindow.Wellsection.Plugin.Petrel.Styles.WellLogGeneralSettingsStyle&amp;id=e26f0ffb-1263-4e6e-aeee-d7123683184e</Droid>
              <CurveLimitMethod>Auto</CurveLimitMethod>
              <UseMinValue>true</UseMinValue>
              <UseMaxValue>true</UseMaxValue>
              <MinValue>0</MinValue>
              <MaxValue>150</MaxValue>
              <Direction>Normal</Direction>
              <WrapLog>None</WrapLog>
            </WellLogGeneralSettingsStyle>
            <WellLog2DLogStyle>
              <Droid>://Slb.GeoscienceWindow.Framework.Core.DataSource.CoreDataSource/Type=Slb.GeoscienceWindow.Wellsection.Plugin.Petrel.Styles.WellLog2DLogStyle&amp;id=b5646bb9-0cf4-4b19-a095-9944a090d503</Droid>
              <DisplayMode>Line</DisplayMode>
              <LineColorType>Specified</LineColorType>
              <LineColor>-65536</LineColor>
              <LineWidth>1</LineWidth>
              <LineType>Solid</LineType>
              <BlockCurve>NONE</BlockCurve>
              <PointColorType>Black</PointColorType>
              <PointColor>-65536</PointColor>
              <PointsSize>5</PointsSize>
              <PointsSymbol>Circle</PointsSymbol>
              <DictionaryBorder>true</DictionaryBorder>
              <DictionaryColorFill>true</DictionaryColorFill>
              <DictionaryPattern>false</DictionaryPattern>
              <DictionaryText>true</DictionaryText>
              <UseAutoSettingForWrap>true</UseAutoSettingForWrap>
              <MinWrapColorType>Black</MinWrapColorType>
              <MinWrapColor>-16777216</MinWrapColor>
              <MinWrapStyle>Dotted</MinWrapStyle>
              <MinWrapWidth>1</MinWrapWidth>
              <MaxWrapColorType>Black</MaxWrapColorType>
              <MaxWrapColor>-16777216</MaxWrapColor>
              <MaxWrapWidth>1</MaxWrapWidth>
              <MaxWrapStyle>Dotted</MaxWrapStyle>
              <MinWrapFillColorType>None</MinWrapFillColorType>
              <MinWrapFillColor>16777215</MinWrapFillColor>
              <MaxWrapFillColorType>None</MaxWrapFillColorType>
              <MaxWrapFillColor>16777215</MaxWrapFillColor>
            </WellLog2DLogStyle>
          </Styles>
          <CustomAttributes />
        </LogFormatTemplate>
        <LogFormatTemplate>
          <Droid>://Slb.GeoscienceWindow.Framework.Core.DataSource.CoreDataSource/Type=Slb.GeoscienceWindow.Wellsection.Plugin.Petrel.Templates.LogFormatTemplate&amp;id=48837a68-e62d-4fb0-9572-d540c6b09ac4</Droid>
          <Name>Caliper</Name>
          <Enabled>true</Enabled>
          <NeedToAutoRefreshCandidateList>true</NeedToAutoRefreshCandidateList>
          <AllowedParentTypes>
            <AllowedParentType>DataTrackFormatTemplate</AllowedParentType>
          </AllowedParentTypes>
          <Styles>
            <TemplateInfoStyle>
              <Droid>://Slb.GeoscienceWindow.Framework.Core.DataSource.CoreDataSource/Type=Slb.GeoscienceWindow.Wellsection.Core.Styles.TemplateInfoStyle&amp;id=8f83e68b-f6cb-4f84-a243-54cfe9d37016</Droid>
              <UseAutomaticNamingTag>true</UseAutomaticNamingTag>
              <NameTag>Undef</NameTag>
            </TemplateInfoStyle>
            <WellLogTemplateDefinitionStyle>
              <Droid>://Slb.GeoscienceWindow.Framework.Core.DataSource.CoreDataSource/Type=Slb.GeoscienceWindow.Wellsection.Plugin.Petrel.Styles.TemplateDefinition.WellLogTemplateDefinitionStyle&amp;id=7f7e81ec-b735-4e97-b0e5-295e3eb7be36</Droid>
              <PrimaryDomainObject>V=1&amp;Template.Droid=%3A%2F%2F1d9a2dd1-dd1d-4676-a92e-6057e64d33c2%2F0000003b-0000-0000-0000-000000000000&amp;Template.Name=Caliper</PrimaryDomainObject>
              <SecondaryDomainObject></SecondaryDomainObject>
              <TertiaryDomainObject></TertiaryDomainObject>
              <IsTertiaryCheckBoxChecked>false</IsTertiaryCheckBoxChecked>
              <FilterString></FilterString>
              <MatchSimilar>false</MatchSimilar>
              <IsCreatedFromTemplatePage>true</IsCreatedFromTemplatePage>
              <DefinitionEntries />
            </WellLogTemplateDefinitionStyle>
            <WellLogGeneralSettingsStyle>
              <Droid>://Slb.GeoscienceWindow.Framework.Core.DataSource.CoreDataSource/Type=Slb.GeoscienceWindow.Wellsection.Plugin.Petrel.Styles.WellLogGeneralSettingsStyle&amp;id=abe6eec7-0ecf-4c7c-9c05-6c867c92c255</Droid>
              <CurveLimitMethod>Auto</CurveLimitMethod>
              <UseMinValue>true</UseMinValue>
              <UseMaxValue>true</UseMaxValue>
              <MinValue>4</MinValue>
              <MaxValue>14</MaxValue>
              <Direction>Normal</Direction>
              <WrapLog>None</WrapLog>
            </WellLogGeneralSettingsStyle>
            <WellLog2DLogStyle>
              <Droid>://Slb.GeoscienceWindow.Framework.Core.DataSource.CoreDataSource/Type=Slb.GeoscienceWindow.Wellsection.Plugin.Petrel.Styles.WellLog2DLogStyle&amp;id=ecc852c2-91ab-4eb9-a1cd-ef5949da180e</Droid>
              <DisplayMode>Line</DisplayMode>
              <LineColorType>Specified</LineColorType>
              <LineColor>-65536</LineColor>
              <LineWidth>1</LineWidth>
              <LineType>Solid</LineType>
              <BlockCurve>NONE</BlockCurve>
              <PointColorType>Black</PointColorType>
              <PointColor>-65536</PointColor>
              <PointsSize>5</PointsSize>
              <PointsSymbol>Circle</PointsSymbol>
              <DictionaryBorder>true</DictionaryBorder>
              <DictionaryColorFill>true</DictionaryColorFill>
              <DictionaryPattern>false</DictionaryPattern>
              <DictionaryText>true</DictionaryText>
              <UseAutoSettingForWrap>true</UseAutoSettingForWrap>
              <MinWrapColorType>Black</MinWrapColorType>
              <MinWrapColor>-16777216</MinWrapColor>
              <MinWrapStyle>Dotted</MinWrapStyle>
              <MinWrapWidth>1</MinWrapWidth>
              <MaxWrapColorType>Black</MaxWrapColorType>
              <MaxWrapColor>-16777216</MaxWrapColor>
              <MaxWrapWidth>1</MaxWrapWidth>
              <MaxWrapStyle>Dotted</MaxWrapStyle>
              <MinWrapFillColorType>None</MinWrapFillColorType>
              <MinWrapFillColor>16777215</MinWrapFillColor>
              <MaxWrapFillColorType>None</MaxWrapFillColorType>
              <MaxWrapFillColor>16777215</MaxWrapFillColor>
            </WellLog2DLogStyle>
          </Styles>
          <CustomAttributes />
        </LogFormatTemplate>
        <LogFormatTemplate>
          <Droid>://Slb.GeoscienceWindow.Framework.Core.DataSource.CoreDataSource/Type=Slb.GeoscienceWindow.Wellsection.Plugin.Petrel.Templates.LogFormatTemplate&amp;id=b03e05d5-41b8-4fb9-a158-930611332d80</Droid>
          <Name>Spontaneous potential</Name>
          <Enabled>true</Enabled>
          <NeedToAutoRefreshCandidateList>true</NeedToAutoRefreshCandidateList>
          <AllowedParentTypes>
            <AllowedParentType>DataTrackFormatTemplate</AllowedParentType>
          </AllowedParentTypes>
          <Styles>
            <TemplateInfoStyle>
              <Droid>://Slb.GeoscienceWindow.Framework.Core.DataSource.CoreDataSource/Type=Slb.GeoscienceWindow.Wellsection.Core.Styles.TemplateInfoStyle&amp;id=4ceb8503-c1dc-4188-bf13-9b57c01230aa</Droid>
              <UseAutomaticNamingTag>true</UseAutomaticNamingTag>
              <NameTag>Undef</NameTag>
            </TemplateInfoStyle>
            <WellLogTemplateDefinitionStyle>
              <Droid>://Slb.GeoscienceWindow.Framework.Core.DataSource.CoreDataSource/Type=Slb.GeoscienceWindow.Wellsection.Plugin.Petrel.Styles.TemplateDefinition.WellLogTemplateDefinitionStyle&amp;id=8303d395-9a1c-4720-843a-194564af6f07</Droid>
              <PrimaryDomainObject>V=1&amp;Template.Droid=%3A%2F%2F1d9a2dd1-dd1d-4676-a92e-6057e64d33c2%2F00000039-0000-0000-0000-000000000000&amp;Template.Name=Spontaneous%20potential</PrimaryDomainObject>
              <SecondaryDomainObject></SecondaryDomainObject>
              <TertiaryDomainObject></TertiaryDomainObject>
              <IsTertiaryCheckBoxChecked>false</IsTertiaryCheckBoxChecked>
              <FilterString></FilterString>
              <MatchSimilar>false</MatchSimilar>
              <IsCreatedFromTemplatePage>true</IsCreatedFromTemplatePage>
              <DefinitionEntries />
            </WellLogTemplateDefinitionStyle>
            <WellLogGeneralSettingsStyle>
              <Droid>://Slb.GeoscienceWindow.Framework.Core.DataSource.CoreDataSource/Type=Slb.GeoscienceWindow.Wellsection.Plugin.Petrel.Styles.WellLogGeneralSettingsStyle&amp;id=df4d34c3-22bf-47f1-a5e4-bd5ed11806e1</Droid>
              <CurveLimitMethod>Auto</CurveLimitMethod>
              <UseMinValue>true</UseMinValue>
              <UseMaxValue>true</UseMaxValue>
              <MinValue>-100</MinValue>
              <MaxValue>0</MaxValue>
              <Direction>Normal</Direction>
              <WrapLog>None</WrapLog>
            </WellLogGeneralSettingsStyle>
            <WellLog2DLogStyle>
              <Droid>://Slb.GeoscienceWindow.Framework.Core.DataSource.CoreDataSource/Type=Slb.GeoscienceWindow.Wellsection.Plugin.Petrel.Styles.WellLog2DLogStyle&amp;id=98e4d9c9-2624-450f-b94b-4ac33e46f7a4</Droid>
              <DisplayMode>Line</DisplayMode>
              <LineColorType>Black</LineColorType>
              <LineColor>-65536</LineColor>
              <LineWidth>1</LineWidth>
              <LineType>Solid</LineType>
              <BlockCurve>NONE</BlockCurve>
              <PointColorType>Black</PointColorType>
              <PointColor>-65536</PointColor>
              <PointsSize>5</PointsSize>
              <PointsSymbol>Circle</PointsSymbol>
              <DictionaryBorder>true</DictionaryBorder>
              <DictionaryColorFill>true</DictionaryColorFill>
              <DictionaryPattern>false</DictionaryPattern>
              <DictionaryText>true</DictionaryText>
              <UseAutoSettingForWrap>true</UseAutoSettingForWrap>
              <MinWrapColorType>Black</MinWrapColorType>
              <MinWrapColor>-16777216</MinWrapColor>
              <MinWrapStyle>Dotted</MinWrapStyle>
              <MinWrapWidth>1</MinWrapWidth>
              <MaxWrapColorType>Black</MaxWrapColorType>
              <MaxWrapColor>-16777216</MaxWrapColor>
              <MaxWrapWidth>1</MaxWrapWidth>
              <MaxWrapStyle>Dotted</MaxWrapStyle>
              <MinWrapFillColorType>None</MinWrapFillColorType>
              <MinWrapFillColor>16777215</MinWrapFillColor>
              <MaxWrapFillColorType>None</MaxWrapFillColorType>
              <MaxWrapFillColor>16777215</MaxWrapFillColor>
            </WellLog2DLogStyle>
          </Styles>
          <CustomAttributes />
        </LogFormatTemplate>
      </Children>
      <CustomAttributes />
    </DataTrackFormatTemplate>
    <IndexFormatTemplate>
      <Droid>://Slb.GeoscienceWindow.Framework.Core.DataSource.CoreDataSource/Type=Slb.GeoscienceWindow.Wellsection.Plugin.Petrel.Templates.IndexFormatTemplate&amp;id=25f35344-98d0-4ef1-9dd4-aa49d39a0c54</Droid>
      <Name>Index track</Name>
      <Enabled>true</Enabled>
      <NeedToAutoRefreshCandidateList>true</NeedToAutoRefreshCandidateList>
      <AllowedParentTypes>
        <AllowedParentType>BoreholeRootFormatTemplateNode</AllowedParentType>
        <AllowedParentType>DeviatedRootFormatTemplate</AllowedParentType>
      </AllowedParentTypes>
      <Styles>
        <IndexTrackStyle>
          <Droid>://Slb.GeoscienceWindow.Framework.Core.DataSource.CoreDataSource/Type=Slb.GeoscienceWindow.Wellsection.Core.Styles.IndexTrackStyle&amp;id=b3f31f23-9e9f-47e2-bb57-ee78bead7ffc</Droid>
          <FlattenAuto>true</FlattenAuto>
          <FlattenStyle>Absolute</FlattenStyle>
          <AnnotateAuto>true</AnnotateAuto>
          <AnnotateStyle>Horizontal</AnnotateStyle>
          <AnnotateAngle>-45</AnnotateAngle>
          <TickAuto>true</TickAuto>
          <TickLeft>true</TickLeft>
          <TickRight>true</TickRight>
          <DepthKind>SSTVD</DepthKind>
          <UseTrackWidth>false</UseTrackWidth>
          <UseConstantWidth>false</UseConstantWidth>
          <ConstantWidth>10</ConstantWidth>
          <UseSpecifiedTrackFont>false</UseSpecifiedTrackFont>
          <ConstantFont>8</ConstantFont>
          <UseWellScale>false</UseWellScale>
          <ShowScaleLabel>true</ShowScaleLabel>
          <ShowIndexBorders>true</ShowIndexBorders>
          <MajorIncrementAuto>true</MajorIncrementAuto>
          <MajorIncrementManualValue>100</MajorIncrementManualValue>
          <NumberOfMinorTicks>10</NumberOfMinorTicks>
        </IndexTrackStyle>
      </Styles>
      <CustomAttributes />
    </IndexFormatTemplate>
    <IndexFormatTemplate>
      <Droid>://Slb.GeoscienceWindow.Framework.Core.DataSource.CoreDataSource/Type=Slb.GeoscienceWindow.Wellsection.Plugin.Petrel.Templates.IndexFormatTemplate&amp;id=e0298e03-598c-435e-bfa4-59c6db0b4a7f</Droid>
      <Name>MD</Name>
      <Enabled>true</Enabled>
      <NeedToAutoRefreshCandidateList>true</NeedToAutoRefreshCandidateList>
      <AllowedParentTypes>
        <AllowedParentType>BoreholeRootFormatTemplateNode</AllowedParentType>
        <AllowedParentType>DeviatedRootFormatTemplate</AllowedParentType>
      </AllowedParentTypes>
      <Styles>
        <IndexTrackStyle>
          <Droid>://Slb.GeoscienceWindow.Framework.Core.DataSource.CoreDataSource/Type=Slb.GeoscienceWindow.Wellsection.Core.Styles.IndexTrackStyle&amp;id=e91a1a7c-56fb-47fb-910e-5e401ac63401</Droid>
          <FlattenAuto>true</FlattenAuto>
          <FlattenStyle>Absolute</FlattenStyle>
          <AnnotateAuto>true</AnnotateAuto>
          <AnnotateStyle>Horizontal</AnnotateStyle>
          <AnnotateAngle>-45</AnnotateAngle>
          <TickAuto>true</TickAuto>
          <TickLeft>true</TickLeft>
          <TickRight>true</TickRight>
          <DepthKind>MD</DepthKind>
          <UseTrackWidth>false</UseTrackWidth>
          <UseConstantWidth>false</UseConstantWidth>
          <ConstantWidth>10</ConstantWidth>
          <UseSpecifiedTrackFont>false</UseSpecifiedTrackFont>
          <ConstantFont>8</ConstantFont>
          <UseWellScale>true</UseWellScale>
          <ShowScaleLabel>true</ShowScaleLabel>
          <ShowIndexBorders>true</ShowIndexBorders>
          <MajorIncrementAuto>true</MajorIncrementAuto>
          <MajorIncrementManualValue>100</MajorIncrementManualValue>
          <NumberOfMinorTicks>10</NumberOfMinorTicks>
        </IndexTrackStyle>
      </Styles>
      <CustomAttributes />
    </IndexFormatTemplate>
    <OceanCustomFormatTemplateNode>
      <Droid>://Slb.GeoscienceWindow.Framework.Core.DataSource.CoreDataSource/Type=Slb.Ocean.Petrel.UI.WellSection.Impl.OceanCustomFormatTemplateNode&amp;id=1a621d11-e9b8-43f3-b294-d5ab118f5ea1</Droid>
      <Name>Completion track</Name>
      <Enabled>true</Enabled>
      <NeedToAutoRefreshCandidateList>false</NeedToAutoRefreshCandidateList>
      <AllowedParentTypes>
        <AllowedParentType>BoreholeRootFormatTemplateNode</AllowedParentType>
        <AllowedParentType>DeviatedRootFormatTemplate</AllowedParentType>
      </AllowedParentTypes>
      <Styles>
        <TemplateInfoStyle>
          <Droid>://Slb.GeoscienceWindow.Framework.Core.DataSource.CoreDataSource/Type=Slb.GeoscienceWindow.Wellsection.Core.Styles.TemplateInfoStyle&amp;id=f46b3774-fdf4-4795-885f-23441372057a</Droid>
          <UseAutomaticNamingTag>true</UseAutomaticNamingTag>
          <NameTag>Undef</NameTag>
        </TemplateInfoStyle>
      </Styles>
      <CustomAttributes />
      <ArgPack>://Slb.RE.Schematic.DataSource.CompletionsDataSource/304a260a-06e8-4196-88fe-ae76ba5cce32</ArgPack>
      <UniqueTemplateNodeTypeId>Slb.RE.Schematic.Templates.CompletionTrackTemplateNode</UniqueTemplateNodeTypeId>
      <PluginNodeDroid>://Slb.GeoscienceWindow.Framework.Core.DataSource.CoreDataSource/Type=Slb.Ocean.Petrel.UI.WellSection.Impl.OceanCustomFormatTemplateNode&amp;id=1a621d11-e9b8-43f3-b294-d5ab118f5ea1</PluginNodeDroid>
    </OceanCustomFormatTemplateNode>
    <DataTrackFormatTemplate>
      <Droid>://Slb.GeoscienceWindow.Framework.Core.DataSource.CoreDataSource/Type=Slb.GeoscienceWindow.Wellsection.Core.Templates.DataTrackFormatTemplate&amp;id=a0eea7ed-6656-4241-9e9b-a73b267a55d0</Droid>
      <Name>Resistivity, deep/Resistivity, shallow/Micro resistivity</Name>
      <Enabled>true</Enabled>
      <NeedToAutoRefreshCandidateList>true</NeedToAutoRefreshCandidateList>
      <AllowedParentTypes>
        <AllowedParentType>BoreholeRootFormatTemplateNode</AllowedParentType>
        <AllowedParentType>DeviatedRootFormatTemplate</AllowedParentType>
      </AllowedParentTypes>
      <Styles>
        <TemplateInfoStyle>
          <Droid>://Slb.GeoscienceWindow.Framework.Core.DataSource.CoreDataSource/Type=Slb.GeoscienceWindow.Wellsection.Core.Styles.TemplateInfoStyle&amp;id=10a13874-1b5f-4cf9-be04-44481baaa7a6</Droid>
          <UseAutomaticNamingTag>true</UseAutomaticNamingTag>
          <NameTag>Undef</NameTag>
        </TemplateInfoStyle>
        <TrackSettingsStyle>
          <Droid>://Slb.GeoscienceWindow.Framework.Core.DataSource.CoreDataSource/Type=Slb.GeoscienceWindow.Wellsection.Core.Styles.TrackSettingsStyle&amp;id=2a6f2f0f-91fc-4f70-acc7-a92a4331465c</Droid>
          <IsDiscreteTrack>false</IsDiscreteTrack>
          <UseTrackWidth>true</UseTrackWidth>
          <TrackWidth>25</TrackWidth>
          <TrackWidthLocked>false</TrackWidthLocked>
          <GridlineType>Logarithmic</GridlineType>
          <ValueLabelType>Cumulative</ValueLabelType>
          <AllowValueLabelOption>false</AllowValueLabelOption>
          <ShowValueLabels>true</ShowValueLabels>
          <UseVerticalLines>true</UseVerticalLines>
          <VerticalLineSpacingType>Auto</VerticalLineSpacingType>
          <VerticalLineIncrement>10</VerticalLineIncrement>
          <VerticalLineDivisions>5</VerticalLineDivisions>
          <UseMajorHorizontalLines>true</UseMajorHorizontalLines>
          <UseMinorHorizontalLines>false</UseMinorHorizontalLines>
          <UseBorderLines>true</UseBorderLines>
          <LineColor>-16777216</LineColor>
          <LineWidth>1</LineWidth>
          <BackgroundColor>-1</BackgroundColor>
          <BackgroundTransparency>0</BackgroundTransparency>
          <EndValue>1</EndValue>
          <DecadeCount>1</DecadeCount>
          <LogScale>1</LogScale>
          <UseMinorLogarithmicVerticalLines>true</UseMinorLogarithmicVerticalLines>
          <LimitMinorLogarithmicVerticalLines>true</LimitMinorLogarithmicVerticalLines>
        </TrackSettingsStyle>
        <CurveFillStyle>
          <Droid>://Slb.GeoscienceWindow.Framework.Core.DataSource.CoreDataSource/Type=Slb.GeoscienceWindow.Wellsection.Core.Styles.CurveFillStyle&amp;id=1a36bbd7-b4b4-4f30-9258-001d149b6355</Droid>
          <CurveFillStyleItems />
        </CurveFillStyle>
      </Styles>
      <Children>
        <LogFormatTemplate>
          <Droid>://Slb.GeoscienceWindow.Framework.Core.DataSource.CoreDataSource/Type=Slb.GeoscienceWindow.Wellsection.Plugin.Petrel.Templates.LogFormatTemplate&amp;id=911ae48c-5e90-47b4-a9fb-a8b17ee8da26</Droid>
          <Name>Resistivity, deep</Name>
          <Enabled>true</Enabled>
          <NeedToAutoRefreshCandidateList>true</NeedToAutoRefreshCandidateList>
          <AllowedParentTypes>
            <AllowedParentType>DataTrackFormatTemplate</AllowedParentType>
          </AllowedParentTypes>
          <Styles>
            <TemplateInfoStyle>
              <Droid>://Slb.GeoscienceWindow.Framework.Core.DataSource.CoreDataSource/Type=Slb.GeoscienceWindow.Wellsection.Core.Styles.TemplateInfoStyle&amp;id=d48b3b37-e244-49b7-b511-00b0eacf19f7</Droid>
              <UseAutomaticNamingTag>true</UseAutomaticNamingTag>
              <NameTag>Undef</NameTag>
            </TemplateInfoStyle>
            <WellLogTemplateDefinitionStyle>
              <Droid>://Slb.GeoscienceWindow.Framework.Core.DataSource.CoreDataSource/Type=Slb.GeoscienceWindow.Wellsection.Plugin.Petrel.Styles.TemplateDefinition.WellLogTemplateDefinitionStyle&amp;id=3b9c5848-04c2-48a5-b152-5189db1eaf81</Droid>
              <PrimaryDomainObject>V=1&amp;Template.Droid=%3A%2F%2F1d9a2dd1-dd1d-4676-a92e-6057e64d33c2%2F00000122-0000-0000-0000-000000000000&amp;Template.Name=Resistivity%2C%20deep</PrimaryDomainObject>
              <SecondaryDomainObject></SecondaryDomainObject>
              <TertiaryDomainObject></TertiaryDomainObject>
              <IsTertiaryCheckBoxChecked>false</IsTertiaryCheckBoxChecked>
              <FilterString></FilterString>
              <MatchSimilar>false</MatchSimilar>
              <IsCreatedFromTemplatePage>true</IsCreatedFromTemplatePage>
              <DefinitionEntries />
            </WellLogTemplateDefinitionStyle>
            <WellLogGeneralSettingsStyle>
              <Droid>://Slb.GeoscienceWindow.Framework.Core.DataSource.CoreDataSource/Type=Slb.GeoscienceWindow.Wellsection.Plugin.Petrel.Styles.WellLogGeneralSettingsStyle&amp;id=b07b4991-03e8-4bc4-a883-16251aff0a8d</Droid>
              <CurveLimitMethod>Auto</CurveLimitMethod>
              <UseMinValue>true</UseMinValue>
              <UseMaxValue>true</UseMaxValue>
              <MinValue>0.2</MinValue>
              <MaxValue>2000</MaxValue>
              <Direction>Normal</Direction>
              <WrapLog>None</WrapLog>
            </WellLogGeneralSettingsStyle>
            <WellLog2DLogStyle>
              <Droid>://Slb.GeoscienceWindow.Framework.Core.DataSource.CoreDataSource/Type=Slb.GeoscienceWindow.Wellsection.Plugin.Petrel.Styles.WellLog2DLogStyle&amp;id=720f0e19-6ac9-40f9-ac1a-84730d11658b</Droid>
              <DisplayMode>Line</DisplayMode>
              <LineColorType>Specified</LineColorType>
              <LineColor>-65536</LineColor>
              <LineWidth>1</LineWidth>
              <LineType>Solid</LineType>
              <BlockCurve>NONE</BlockCurve>
              <PointColorType>Black</PointColorType>
              <PointColor>-65536</PointColor>
              <PointsSize>5</PointsSize>
              <PointsSymbol>Circle</PointsSymbol>
              <DictionaryBorder>true</DictionaryBorder>
              <DictionaryColorFill>true</DictionaryColorFill>
              <DictionaryPattern>false</DictionaryPattern>
              <DictionaryText>true</DictionaryText>
              <UseAutoSettingForWrap>true</UseAutoSettingForWrap>
              <MinWrapColorType>Black</MinWrapColorType>
              <MinWrapColor>-16777216</MinWrapColor>
              <MinWrapStyle>Dotted</MinWrapStyle>
              <MinWrapWidth>1</MinWrapWidth>
              <MaxWrapColorType>Black</MaxWrapColorType>
              <MaxWrapColor>-16777216</MaxWrapColor>
              <MaxWrapWidth>1</MaxWrapWidth>
              <MaxWrapStyle>Dotted</MaxWrapStyle>
              <MinWrapFillColorType>None</MinWrapFillColorType>
              <MinWrapFillColor>16777215</MinWrapFillColor>
              <MaxWrapFillColorType>None</MaxWrapFillColorType>
              <MaxWrapFillColor>16777215</MaxWrapFillColor>
            </WellLog2DLogStyle>
          </Styles>
          <CustomAttributes />
        </LogFormatTemplate>
        <LogFormatTemplate>
          <Droid>://Slb.GeoscienceWindow.Framework.Core.DataSource.CoreDataSource/Type=Slb.GeoscienceWindow.Wellsection.Plugin.Petrel.Templates.LogFormatTemplate&amp;id=7ec688a9-33c5-403e-9659-ab3a649dc83c</Droid>
          <Name>Resistivity, shallow</Name>
          <Enabled>true</Enabled>
          <NeedToAutoRefreshCandidateList>true</NeedToAutoRefreshCandidateList>
          <AllowedParentTypes>
            <AllowedParentType>DataTrackFormatTemplate</AllowedParentType>
          </AllowedParentTypes>
          <Styles>
            <TemplateInfoStyle>
              <Droid>://Slb.GeoscienceWindow.Framework.Core.DataSource.CoreDataSource/Type=Slb.GeoscienceWindow.Wellsection.Core.Styles.TemplateInfoStyle&amp;id=1e3c9ddd-9798-4146-8285-e71dec3ab7c1</Droid>
              <UseAutomaticNamingTag>true</UseAutomaticNamingTag>
              <NameTag>Undef</NameTag>
            </TemplateInfoStyle>
            <WellLogTemplateDefinitionStyle>
              <Droid>://Slb.GeoscienceWindow.Framework.Core.DataSource.CoreDataSource/Type=Slb.GeoscienceWindow.Wellsection.Plugin.Petrel.Styles.TemplateDefinition.WellLogTemplateDefinitionStyle&amp;id=aec22510-4ff3-489e-ba73-3745acc1b4bf</Droid>
              <PrimaryDomainObject>V=1&amp;Template.Droid=%3A%2F%2F1d9a2dd1-dd1d-4676-a92e-6057e64d33c2%2F00000124-0000-0000-0000-000000000000&amp;Template.Name=Resistivity%2C%20shallow</PrimaryDomainObject>
              <SecondaryDomainObject></SecondaryDomainObject>
              <TertiaryDomainObject></TertiaryDomainObject>
              <IsTertiaryCheckBoxChecked>false</IsTertiaryCheckBoxChecked>
              <FilterString></FilterString>
              <MatchSimilar>false</MatchSimilar>
              <IsCreatedFromTemplatePage>true</IsCreatedFromTemplatePage>
              <DefinitionEntries />
            </WellLogTemplateDefinitionStyle>
            <WellLogGeneralSettingsStyle>
              <Droid>://Slb.GeoscienceWindow.Framework.Core.DataSource.CoreDataSource/Type=Slb.GeoscienceWindow.Wellsection.Plugin.Petrel.Styles.WellLogGeneralSettingsStyle&amp;id=ffe16d21-aac0-4050-a87b-517a02cd9cf0</Droid>
              <CurveLimitMethod>Auto</CurveLimitMethod>
              <UseMinValue>true</UseMinValue>
              <UseMaxValue>true</UseMaxValue>
              <MinValue>0.2</MinValue>
              <MaxValue>2000</MaxValue>
              <Direction>Normal</Direction>
              <WrapLog>None</WrapLog>
            </WellLogGeneralSettingsStyle>
            <WellLog2DLogStyle>
              <Droid>://Slb.GeoscienceWindow.Framework.Core.DataSource.CoreDataSource/Type=Slb.GeoscienceWindow.Wellsection.Plugin.Petrel.Styles.WellLog2DLogStyle&amp;id=1d157691-35cc-4e14-9eb1-f9700c0c541b</Droid>
              <DisplayMode>Line</DisplayMode>
              <LineColorType>Specified</LineColorType>
              <LineColor>-65536</LineColor>
              <LineWidth>1</LineWidth>
              <LineType>Solid</LineType>
              <BlockCurve>NONE</BlockCurve>
              <PointColorType>Black</PointColorType>
              <PointColor>-65536</PointColor>
              <PointsSize>5</PointsSize>
              <PointsSymbol>Circle</PointsSymbol>
              <DictionaryBorder>true</DictionaryBorder>
              <DictionaryColorFill>true</DictionaryColorFill>
              <DictionaryPattern>false</DictionaryPattern>
              <DictionaryText>true</DictionaryText>
              <UseAutoSettingForWrap>true</UseAutoSettingForWrap>
              <MinWrapColorType>Black</MinWrapColorType>
              <MinWrapColor>-16777216</MinWrapColor>
              <MinWrapStyle>Dotted</MinWrapStyle>
              <MinWrapWidth>1</MinWrapWidth>
              <MaxWrapColorType>Black</MaxWrapColorType>
              <MaxWrapColor>-16777216</MaxWrapColor>
              <MaxWrapWidth>1</MaxWrapWidth>
              <MaxWrapStyle>Dotted</MaxWrapStyle>
              <MinWrapFillColorType>None</MinWrapFillColorType>
              <MinWrapFillColor>16777215</MinWrapFillColor>
              <MaxWrapFillColorType>None</MaxWrapFillColorType>
              <MaxWrapFillColor>16777215</MaxWrapFillColor>
            </WellLog2DLogStyle>
          </Styles>
          <CustomAttributes />
        </LogFormatTemplate>
        <LogFormatTemplate>
          <Droid>://Slb.GeoscienceWindow.Framework.Core.DataSource.CoreDataSource/Type=Slb.GeoscienceWindow.Wellsection.Plugin.Petrel.Templates.LogFormatTemplate&amp;id=705b2ec9-640a-4709-b2ae-9c44858bc142</Droid>
          <Name>Micro resistivity</Name>
          <Enabled>true</Enabled>
          <NeedToAutoRefreshCandidateList>true</NeedToAutoRefreshCandidateList>
          <AllowedParentTypes>
            <AllowedParentType>DataTrackFormatTemplate</AllowedParentType>
          </AllowedParentTypes>
          <Styles>
            <TemplateInfoStyle>
              <Droid>://Slb.GeoscienceWindow.Framework.Core.DataSource.CoreDataSource/Type=Slb.GeoscienceWindow.Wellsection.Core.Styles.TemplateInfoStyle&amp;id=e87d15df-cbc9-4b13-8cd3-f792ef965b13</Droid>
              <UseAutomaticNamingTag>true</UseAutomaticNamingTag>
              <NameTag>Undef</NameTag>
            </TemplateInfoStyle>
            <WellLogTemplateDefinitionStyle>
              <Droid>://Slb.GeoscienceWindow.Framework.Core.DataSource.CoreDataSource/Type=Slb.GeoscienceWindow.Wellsection.Plugin.Petrel.Styles.TemplateDefinition.WellLogTemplateDefinitionStyle&amp;id=78374d86-89ad-463a-8785-d2613d59033e</Droid>
              <PrimaryDomainObject>V=1&amp;Template.Droid=%3A%2F%2F1d9a2dd1-dd1d-4676-a92e-6057e64d33c2%2F000000f5-0000-0000-0000-000000000000&amp;Template.Name=Micro%20resistivity</PrimaryDomainObject>
              <SecondaryDomainObject></SecondaryDomainObject>
              <TertiaryDomainObject></TertiaryDomainObject>
              <IsTertiaryCheckBoxChecked>false</IsTertiaryCheckBoxChecked>
              <FilterString></FilterString>
              <MatchSimilar>false</MatchSimilar>
              <IsCreatedFromTemplatePage>true</IsCreatedFromTemplatePage>
              <DefinitionEntries />
            </WellLogTemplateDefinitionStyle>
            <WellLogGeneralSettingsStyle>
              <Droid>://Slb.GeoscienceWindow.Framework.Core.DataSource.CoreDataSource/Type=Slb.GeoscienceWindow.Wellsection.Plugin.Petrel.Styles.WellLogGeneralSettingsStyle&amp;id=9463ffbe-d138-4db5-b876-6599b37d0924</Droid>
              <CurveLimitMethod>Auto</CurveLimitMethod>
              <UseMinValue>true</UseMinValue>
              <UseMaxValue>true</UseMaxValue>
              <MinValue>0.2</MinValue>
              <MaxValue>2000</MaxValue>
              <Direction>Normal</Direction>
              <WrapLog>None</WrapLog>
            </WellLogGeneralSettingsStyle>
            <WellLog2DLogStyle>
              <Droid>://Slb.GeoscienceWindow.Framework.Core.DataSource.CoreDataSource/Type=Slb.GeoscienceWindow.Wellsection.Plugin.Petrel.Styles.WellLog2DLogStyle&amp;id=90908011-efdc-45f6-8061-04d08eaf2c42</Droid>
              <DisplayMode>Line</DisplayMode>
              <LineColorType>Specified</LineColorType>
              <LineColor>-65536</LineColor>
              <LineWidth>1</LineWidth>
              <LineType>Solid</LineType>
              <BlockCurve>NONE</BlockCurve>
              <PointColorType>Black</PointColorType>
              <PointColor>-65536</PointColor>
              <PointsSize>5</PointsSize>
              <PointsSymbol>Circle</PointsSymbol>
              <DictionaryBorder>true</DictionaryBorder>
              <DictionaryColorFill>true</DictionaryColorFill>
              <DictionaryPattern>false</DictionaryPattern>
              <DictionaryText>true</DictionaryText>
              <UseAutoSettingForWrap>true</UseAutoSettingForWrap>
              <MinWrapColorType>Black</MinWrapColorType>
              <MinWrapColor>-16777216</MinWrapColor>
              <MinWrapStyle>Dotted</MinWrapStyle>
              <MinWrapWidth>1</MinWrapWidth>
              <MaxWrapColorType>Black</MaxWrapColorType>
              <MaxWrapColor>-16777216</MaxWrapColor>
              <MaxWrapWidth>1</MaxWrapWidth>
              <MaxWrapStyle>Dotted</MaxWrapStyle>
              <MinWrapFillColorType>None</MinWrapFillColorType>
              <MinWrapFillColor>16777215</MinWrapFillColor>
              <MaxWrapFillColorType>None</MaxWrapFillColorType>
              <MaxWrapFillColor>16777215</MaxWrapFillColor>
            </WellLog2DLogStyle>
          </Styles>
          <CustomAttributes />
        </LogFormatTemplate>
      </Children>
      <CustomAttributes />
    </DataTrackFormatTemplate>
    <DataTrackFormatTemplate>
      <Droid>://Slb.GeoscienceWindow.Framework.Core.DataSource.CoreDataSource/Type=Slb.GeoscienceWindow.Wellsection.Core.Templates.DataTrackFormatTemplate&amp;id=aa7e3658-8cf5-43a0-9bf6-dbac15e4aac3</Droid>
      <Name>Density/Neutron/Bulk density correction</Name>
      <Enabled>true</Enabled>
      <NeedToAutoRefreshCandidateList>true</NeedToAutoRefreshCandidateList>
      <AllowedParentTypes>
        <AllowedParentType>BoreholeRootFormatTemplateNode</AllowedParentType>
        <AllowedParentType>DeviatedRootFormatTemplate</AllowedParentType>
      </AllowedParentTypes>
      <Styles>
        <TemplateInfoStyle>
          <Droid>://Slb.GeoscienceWindow.Framework.Core.DataSource.CoreDataSource/Type=Slb.GeoscienceWindow.Wellsection.Core.Styles.TemplateInfoStyle&amp;id=c772a9e5-7c99-4d4a-9877-8a91ce0fe44e</Droid>
          <UseAutomaticNamingTag>true</UseAutomaticNamingTag>
          <NameTag>Undef</NameTag>
        </TemplateInfoStyle>
        <TrackSettingsStyle>
          <Droid>://Slb.GeoscienceWindow.Framework.Core.DataSource.CoreDataSource/Type=Slb.GeoscienceWindow.Wellsection.Core.Styles.TrackSettingsStyle&amp;id=34879e6e-3836-4f23-80d6-8354e53abffb</Droid>
          <IsDiscreteTrack>false</IsDiscreteTrack>
          <UseTrackWidth>true</UseTrackWidth>
          <TrackWidth>25</TrackWidth>
          <TrackWidthLocked>false</TrackWidthLocked>
          <GridlineType>Linear</GridlineType>
          <ValueLabelType>Cumulative</ValueLabelType>
          <AllowValueLabelOption>false</AllowValueLabelOption>
          <ShowValueLabels>true</ShowValueLabels>
          <UseVerticalLines>true</UseVerticalLines>
          <VerticalLineSpacingType>Auto</VerticalLineSpacingType>
          <VerticalLineIncrement>10</VerticalLineIncrement>
          <VerticalLineDivisions>5</VerticalLineDivisions>
          <UseMajorHorizontalLines>true</UseMajorHorizontalLines>
          <UseMinorHorizontalLines>false</UseMinorHorizontalLines>
          <UseBorderLines>true</UseBorderLines>
          <LineColor>-16777216</LineColor>
          <LineWidth>1</LineWidth>
          <BackgroundColor>-1</BackgroundColor>
          <BackgroundTransparency>0</BackgroundTransparency>
          <EndValue>1</EndValue>
          <DecadeCount>1</DecadeCount>
          <LogScale>1</LogScale>
          <UseMinorLogarithmicVerticalLines>true</UseMinorLogarithmicVerticalLines>
          <LimitMinorLogarithmicVerticalLines>true</LimitMinorLogarithmicVerticalLines>
        </TrackSettingsStyle>
        <CurveFillStyle>
          <Droid>://Slb.GeoscienceWindow.Framework.Core.DataSource.CoreDataSource/Type=Slb.GeoscienceWindow.Wellsection.Core.Styles.CurveFillStyle&amp;id=4dd4408a-bc13-4623-8886-cbc7e4ccc5d0</Droid>
          <CurveFillStyleItems />
        </CurveFillStyle>
      </Styles>
      <Children>
        <LogFormatTemplate>
          <Droid>://Slb.GeoscienceWindow.Framework.Core.DataSource.CoreDataSource/Type=Slb.GeoscienceWindow.Wellsection.Plugin.Petrel.Templates.LogFormatTemplate&amp;id=0970d68d-aeaf-4948-a8e8-48d06f5bca15</Droid>
          <Name>Density</Name>
          <Enabled>true</Enabled>
          <NeedToAutoRefreshCandidateList>true</NeedToAutoRefreshCandidateList>
          <AllowedParentTypes>
            <AllowedParentType>DataTrackFormatTemplate</AllowedParentType>
          </AllowedParentTypes>
          <Styles>
            <TemplateInfoStyle>
              <Droid>://Slb.GeoscienceWindow.Framework.Core.DataSource.CoreDataSource/Type=Slb.GeoscienceWindow.Wellsection.Core.Styles.TemplateInfoStyle&amp;id=5ef281da-cf6a-4b13-b337-1c3660518178</Droid>
              <UseAutomaticNamingTag>true</UseAutomaticNamingTag>
              <NameTag>Undef</NameTag>
            </TemplateInfoStyle>
            <WellLogTemplateDefinitionStyle>
              <Droid>://Slb.GeoscienceWindow.Framework.Core.DataSource.CoreDataSource/Type=Slb.GeoscienceWindow.Wellsection.Plugin.Petrel.Styles.TemplateDefinition.WellLogTemplateDefinitionStyle&amp;id=6ba17161-c2c5-4141-9c89-29b75a753f63</Droid>
              <PrimaryDomainObject>V=1&amp;Template.Droid=%3A%2F%2F1d9a2dd1-dd1d-4676-a92e-6057e64d33c2%2F00000037-0000-0000-0000-000000000000&amp;Template.Name=Density</PrimaryDomainObject>
              <SecondaryDomainObject></SecondaryDomainObject>
              <TertiaryDomainObject></TertiaryDomainObject>
              <IsTertiaryCheckBoxChecked>false</IsTertiaryCheckBoxChecked>
              <FilterString></FilterString>
              <MatchSimilar>false</MatchSimilar>
              <IsCreatedFromTemplatePage>true</IsCreatedFromTemplatePage>
              <DefinitionEntries />
            </WellLogTemplateDefinitionStyle>
            <WellLogGeneralSettingsStyle>
              <Droid>://Slb.GeoscienceWindow.Framework.Core.DataSource.CoreDataSource/Type=Slb.GeoscienceWindow.Wellsection.Plugin.Petrel.Styles.WellLogGeneralSettingsStyle&amp;id=4507d84f-1cf6-4215-803b-298516959368</Droid>
              <CurveLimitMethod>Auto</CurveLimitMethod>
              <UseMinValue>true</UseMinValue>
              <UseMaxValue>true</UseMaxValue>
              <MinValue>1.95</MinValue>
              <MaxValue>2.95</MaxValue>
              <Direction>Normal</Direction>
              <WrapLog>None</WrapLog>
            </WellLogGeneralSettingsStyle>
            <WellLog2DLogStyle>
              <Droid>://Slb.GeoscienceWindow.Framework.Core.DataSource.CoreDataSource/Type=Slb.GeoscienceWindow.Wellsection.Plugin.Petrel.Styles.WellLog2DLogStyle&amp;id=291cdc3b-31cc-45a1-969d-c821055c4c7f</Droid>
              <DisplayMode>Line</DisplayMode>
              <LineColorType>Specified</LineColorType>
              <LineColor>-65536</LineColor>
              <LineWidth>1</LineWidth>
              <LineType>Solid</LineType>
              <BlockCurve>NONE</BlockCurve>
              <PointColorType>Black</PointColorType>
              <PointColor>-65536</PointColor>
              <PointsSize>5</PointsSize>
              <PointsSymbol>Circle</PointsSymbol>
              <DictionaryBorder>true</DictionaryBorder>
              <DictionaryColorFill>true</DictionaryColorFill>
              <DictionaryPattern>false</DictionaryPattern>
              <DictionaryText>true</DictionaryText>
              <UseAutoSettingForWrap>true</UseAutoSettingForWrap>
              <MinWrapColorType>Black</MinWrapColorType>
              <MinWrapColor>-16777216</MinWrapColor>
              <MinWrapStyle>Dotted</MinWrapStyle>
              <MinWrapWidth>1</MinWrapWidth>
              <MaxWrapColorType>Black</MaxWrapColorType>
              <MaxWrapColor>-16777216</MaxWrapColor>
              <MaxWrapWidth>1</MaxWrapWidth>
              <MaxWrapStyle>Dotted</MaxWrapStyle>
              <MinWrapFillColorType>None</MinWrapFillColorType>
              <MinWrapFillColor>16777215</MinWrapFillColor>
              <MaxWrapFillColorType>None</MaxWrapFillColorType>
              <MaxWrapFillColor>16777215</MaxWrapFillColor>
            </WellLog2DLogStyle>
          </Styles>
          <CustomAttributes />
        </LogFormatTemplate>
        <LogFormatTemplate>
          <Droid>://Slb.GeoscienceWindow.Framework.Core.DataSource.CoreDataSource/Type=Slb.GeoscienceWindow.Wellsection.Plugin.Petrel.Templates.LogFormatTemplate&amp;id=9e300dce-6e6f-432b-87da-d470369572ab</Droid>
          <Name>Neutron</Name>
          <Enabled>true</Enabled>
          <NeedToAutoRefreshCandidateList>true</NeedToAutoRefreshCandidateList>
          <AllowedParentTypes>
            <AllowedParentType>DataTrackFormatTemplate</AllowedParentType>
          </AllowedParentTypes>
          <Styles>
            <TemplateInfoStyle>
              <Droid>://Slb.GeoscienceWindow.Framework.Core.DataSource.CoreDataSource/Type=Slb.GeoscienceWindow.Wellsection.Core.Styles.TemplateInfoStyle&amp;id=828f020e-f7d6-44dd-a274-4714b9b0243f</Droid>
              <UseAutomaticNamingTag>true</UseAutomaticNamingTag>
              <NameTag>Undef</NameTag>
            </TemplateInfoStyle>
            <WellLogTemplateDefinitionStyle>
              <Droid>://Slb.GeoscienceWindow.Framework.Core.DataSource.CoreDataSource/Type=Slb.GeoscienceWindow.Wellsection.Plugin.Petrel.Styles.TemplateDefinition.WellLogTemplateDefinitionStyle&amp;id=f3a07f85-03ba-4b9c-9c1f-e652c6ca893a</Droid>
              <PrimaryDomainObject>V=1&amp;Template.Droid=%3A%2F%2F1d9a2dd1-dd1d-4676-a92e-6057e64d33c2%2F00000035-0000-0000-0000-000000000000&amp;Template.Name=Neutron</PrimaryDomainObject>
              <SecondaryDomainObject></SecondaryDomainObject>
              <TertiaryDomainObject></TertiaryDomainObject>
              <IsTertiaryCheckBoxChecked>false</IsTertiaryCheckBoxChecked>
              <FilterString></FilterString>
              <MatchSimilar>false</MatchSimilar>
              <IsCreatedFromTemplatePage>true</IsCreatedFromTemplatePage>
              <DefinitionEntries />
            </WellLogTemplateDefinitionStyle>
            <WellLogGeneralSettingsStyle>
              <Droid>://Slb.GeoscienceWindow.Framework.Core.DataSource.CoreDataSource/Type=Slb.GeoscienceWindow.Wellsection.Plugin.Petrel.Styles.WellLogGeneralSettingsStyle&amp;id=727174ab-df63-4434-b05a-5bc1c7edf752</Droid>
              <CurveLimitMethod>Auto</CurveLimitMethod>
              <UseMinValue>true</UseMinValue>
              <UseMaxValue>true</UseMaxValue>
              <MinValue>-0.15</MinValue>
              <MaxValue>0.45</MaxValue>
              <Direction>Reverse</Direction>
              <WrapLog>None</WrapLog>
            </WellLogGeneralSettingsStyle>
            <WellLog2DLogStyle>
              <Droid>://Slb.GeoscienceWindow.Framework.Core.DataSource.CoreDataSource/Type=Slb.GeoscienceWindow.Wellsection.Plugin.Petrel.Styles.WellLog2DLogStyle&amp;id=5416804f-f550-427e-b28d-9f065c9908c3</Droid>
              <DisplayMode>Line</DisplayMode>
              <LineColorType>Specified</LineColorType>
              <LineColor>-65536</LineColor>
              <LineWidth>1</LineWidth>
              <LineType>Solid</LineType>
              <BlockCurve>NONE</BlockCurve>
              <PointColorType>Black</PointColorType>
              <PointColor>-65536</PointColor>
              <PointsSize>5</PointsSize>
              <PointsSymbol>Circle</PointsSymbol>
              <DictionaryBorder>true</DictionaryBorder>
              <DictionaryColorFill>true</DictionaryColorFill>
              <DictionaryPattern>false</DictionaryPattern>
              <DictionaryText>true</DictionaryText>
              <UseAutoSettingForWrap>true</UseAutoSettingForWrap>
              <MinWrapColorType>Black</MinWrapColorType>
              <MinWrapColor>-16777216</MinWrapColor>
              <MinWrapStyle>Dotted</MinWrapStyle>
              <MinWrapWidth>1</MinWrapWidth>
              <MaxWrapColorType>Black</MaxWrapColorType>
              <MaxWrapColor>-16777216</MaxWrapColor>
              <MaxWrapWidth>1</MaxWrapWidth>
              <MaxWrapStyle>Dotted</MaxWrapStyle>
              <MinWrapFillColorType>None</MinWrapFillColorType>
              <MinWrapFillColor>16777215</MinWrapFillColor>
              <MaxWrapFillColorType>None</MaxWrapFillColorType>
              <MaxWrapFillColor>16777215</MaxWrapFillColor>
            </WellLog2DLogStyle>
          </Styles>
          <CustomAttributes />
        </LogFormatTemplate>
        <LogFormatTemplate>
          <Droid>://Slb.GeoscienceWindow.Framework.Core.DataSource.CoreDataSource/Type=Slb.GeoscienceWindow.Wellsection.Plugin.Petrel.Templates.LogFormatTemplate&amp;id=dc23dbd5-e4e9-4305-8849-6eb22b71b1f5</Droid>
          <Name>Bulk density correction</Name>
          <Enabled>true</Enabled>
          <NeedToAutoRefreshCandidateList>true</NeedToAutoRefreshCandidateList>
          <AllowedParentTypes>
            <AllowedParentType>DataTrackFormatTemplate</AllowedParentType>
          </AllowedParentTypes>
          <Styles>
            <TemplateInfoStyle>
              <Droid>://Slb.GeoscienceWindow.Framework.Core.DataSource.CoreDataSource/Type=Slb.GeoscienceWindow.Wellsection.Core.Styles.TemplateInfoStyle&amp;id=18940551-71ac-4ac4-90af-b4dc2ed7e5d4</Droid>
              <UseAutomaticNamingTag>true</UseAutomaticNamingTag>
              <NameTag>Undef</NameTag>
            </TemplateInfoStyle>
            <WellLogTemplateDefinitionStyle>
              <Droid>://Slb.GeoscienceWindow.Framework.Core.DataSource.CoreDataSource/Type=Slb.GeoscienceWindow.Wellsection.Plugin.Petrel.Styles.TemplateDefinition.WellLogTemplateDefinitionStyle&amp;id=4f7af0e4-8c1d-469b-9d5c-ec2813103c11</Droid>
              <PrimaryDomainObject>V=1&amp;Template.Droid=%3A%2F%2F1d9a2dd1-dd1d-4676-a92e-6057e64d33c2%2F00000184-0000-0000-0000-000000000000&amp;Template.Name=Bulk%20density%20correction</PrimaryDomainObject>
              <SecondaryDomainObject></SecondaryDomainObject>
              <TertiaryDomainObject></TertiaryDomainObject>
              <IsTertiaryCheckBoxChecked>false</IsTertiaryCheckBoxChecked>
              <FilterString></FilterString>
              <MatchSimilar>false</MatchSimilar>
              <IsCreatedFromTemplatePage>true</IsCreatedFromTemplatePage>
              <DefinitionEntries />
            </WellLogTemplateDefinitionStyle>
            <WellLogGeneralSettingsStyle>
              <Droid>://Slb.GeoscienceWindow.Framework.Core.DataSource.CoreDataSource/Type=Slb.GeoscienceWindow.Wellsection.Plugin.Petrel.Styles.WellLogGeneralSettingsStyle&amp;id=f059e661-d0cd-42bc-95ad-fe64b3aebc01</Droid>
              <CurveLimitMethod>Auto</CurveLimitMethod>
              <UseMinValue>true</UseMinValue>
              <UseMaxValue>true</UseMaxValue>
              <MinValue>1.95</MinValue>
              <MaxValue>2.95</MaxValue>
              <Direction>Normal</Direction>
              <WrapLog>None</WrapLog>
            </WellLogGeneralSettingsStyle>
            <WellLog2DLogStyle>
              <Droid>://Slb.GeoscienceWindow.Framework.Core.DataSource.CoreDataSource/Type=Slb.GeoscienceWindow.Wellsection.Plugin.Petrel.Styles.WellLog2DLogStyle&amp;id=8d8b7cba-eac1-4d46-b045-c7e543963a99</Droid>
              <DisplayMode>Line</DisplayMode>
              <LineColorType>Specified</LineColorType>
              <LineColor>-65536</LineColor>
              <LineWidth>1</LineWidth>
              <LineType>Solid</LineType>
              <BlockCurve>NONE</BlockCurve>
              <PointColorType>Black</PointColorType>
              <PointColor>-65536</PointColor>
              <PointsSize>5</PointsSize>
              <PointsSymbol>Circle</PointsSymbol>
              <DictionaryBorder>true</DictionaryBorder>
              <DictionaryColorFill>true</DictionaryColorFill>
              <DictionaryPattern>false</DictionaryPattern>
              <DictionaryText>true</DictionaryText>
              <UseAutoSettingForWrap>true</UseAutoSettingForWrap>
              <MinWrapColorType>Black</MinWrapColorType>
              <MinWrapColor>-16777216</MinWrapColor>
              <MinWrapStyle>Dotted</MinWrapStyle>
              <MinWrapWidth>1</MinWrapWidth>
              <MaxWrapColorType>Black</MaxWrapColorType>
              <MaxWrapColor>-16777216</MaxWrapColor>
              <MaxWrapWidth>1</MaxWrapWidth>
              <MaxWrapStyle>Dotted</MaxWrapStyle>
              <MinWrapFillColorType>None</MinWrapFillColorType>
              <MinWrapFillColor>16777215</MinWrapFillColor>
              <MaxWrapFillColorType>None</MaxWrapFillColorType>
              <MaxWrapFillColor>16777215</MaxWrapFillColor>
            </WellLog2DLogStyle>
          </Styles>
          <CustomAttributes />
        </LogFormatTemplate>
      </Children>
      <CustomAttributes />
    </DataTrackFormatTemplate>
    <DataTrackFormatTemplate>
      <Droid>://Slb.GeoscienceWindow.Framework.Core.DataSource.CoreDataSource/Type=Slb.GeoscienceWindow.Wellsection.Core.Templates.DataTrackFormatTemplate&amp;id=86bebdc0-b5ff-4bd8-936c-50c3d87cc7e9</Droid>
      <Name>Sonic</Name>
      <Enabled>true</Enabled>
      <NeedToAutoRefreshCandidateList>true</NeedToAutoRefreshCandidateList>
      <AllowedParentTypes>
        <AllowedParentType>BoreholeRootFormatTemplateNode</AllowedParentType>
        <AllowedParentType>DeviatedRootFormatTemplate</AllowedParentType>
      </AllowedParentTypes>
      <Styles>
        <TemplateInfoStyle>
          <Droid>://Slb.GeoscienceWindow.Framework.Core.DataSource.CoreDataSource/Type=Slb.GeoscienceWindow.Wellsection.Core.Styles.TemplateInfoStyle&amp;id=78ab062b-f606-4306-9316-3893ec536c29</Droid>
          <UseAutomaticNamingTag>true</UseAutomaticNamingTag>
          <NameTag>Undef</NameTag>
        </TemplateInfoStyle>
        <TrackSettingsStyle>
          <Droid>://Slb.GeoscienceWindow.Framework.Core.DataSource.CoreDataSource/Type=Slb.GeoscienceWindow.Wellsection.Core.Styles.TrackSettingsStyle&amp;id=c59fd29a-e967-40ea-b295-e14f9ab00a46</Droid>
          <IsDiscreteTrack>false</IsDiscreteTrack>
          <UseTrackWidth>false</UseTrackWidth>
          <TrackWidth>25</TrackWidth>
          <TrackWidthLocked>false</TrackWidthLocked>
          <GridlineType>Linear</GridlineType>
          <ValueLabelType>Cumulative</ValueLabelType>
          <AllowValueLabelOption>false</AllowValueLabelOption>
          <ShowValueLabels>true</ShowValueLabels>
          <UseVerticalLines>true</UseVerticalLines>
          <VerticalLineSpacingType>Auto</VerticalLineSpacingType>
          <VerticalLineIncrement>10</VerticalLineIncrement>
          <VerticalLineDivisions>5</VerticalLineDivisions>
          <UseMajorHorizontalLines>true</UseMajorHorizontalLines>
          <UseMinorHorizontalLines>false</UseMinorHorizontalLines>
          <UseBorderLines>true</UseBorderLines>
          <LineColor>-16777216</LineColor>
          <LineWidth>1</LineWidth>
          <BackgroundColor>-1</BackgroundColor>
          <BackgroundTransparency>0</BackgroundTransparency>
          <EndValue>1</EndValue>
          <DecadeCount>1</DecadeCount>
          <LogScale>1</LogScale>
          <UseMinorLogarithmicVerticalLines>true</UseMinorLogarithmicVerticalLines>
          <LimitMinorLogarithmicVerticalLines>true</LimitMinorLogarithmicVerticalLines>
        </TrackSettingsStyle>
        <CurveFillStyle>
          <Droid>://Slb.GeoscienceWindow.Framework.Core.DataSource.CoreDataSource/Type=Slb.GeoscienceWindow.Wellsection.Core.Styles.CurveFillStyle&amp;id=09ad9a6b-e881-4ffd-8ee6-d35610b0ceb7</Droid>
          <CurveFillStyleItems />
        </CurveFillStyle>
      </Styles>
      <Children>
        <LogFormatTemplate>
          <Droid>://Slb.GeoscienceWindow.Framework.Core.DataSource.CoreDataSource/Type=Slb.GeoscienceWindow.Wellsection.Plugin.Petrel.Templates.LogFormatTemplate&amp;id=da3bcf9c-6f94-4529-adb4-a355d772ee28</Droid>
          <Name>Sonic</Name>
          <Enabled>true</Enabled>
          <NeedToAutoRefreshCandidateList>true</NeedToAutoRefreshCandidateList>
          <AllowedParentTypes>
            <AllowedParentType>DataTrackFormatTemplate</AllowedParentType>
          </AllowedParentTypes>
          <Styles>
            <TemplateInfoStyle>
              <Droid>://Slb.GeoscienceWindow.Framework.Core.DataSource.CoreDataSource/Type=Slb.GeoscienceWindow.Wellsection.Core.Styles.TemplateInfoStyle&amp;id=ad1762bd-655a-43d2-bab6-30d1b74aef54</Droid>
              <UseAutomaticNamingTag>true</UseAutomaticNamingTag>
              <NameTag>Undef</NameTag>
            </TemplateInfoStyle>
            <WellLogTemplateDefinitionStyle>
              <Droid>://Slb.GeoscienceWindow.Framework.Core.DataSource.CoreDataSource/Type=Slb.GeoscienceWindow.Wellsection.Plugin.Petrel.Styles.TemplateDefinition.WellLogTemplateDefinitionStyle&amp;id=8b397cae-0f6e-4218-8830-5e962b302e31</Droid>
              <PrimaryDomainObject>V=1&amp;Template.Droid=%3A%2F%2F1d9a2dd1-dd1d-4676-a92e-6057e64d33c2%2F00000038-0000-0000-0000-000000000000&amp;Template.Name=Sonic</PrimaryDomainObject>
              <SecondaryDomainObject></SecondaryDomainObject>
              <TertiaryDomainObject></TertiaryDomainObject>
              <IsTertiaryCheckBoxChecked>false</IsTertiaryCheckBoxChecked>
              <FilterString></FilterString>
              <MatchSimilar>false</MatchSimilar>
              <IsCreatedFromTemplatePage>true</IsCreatedFromTemplatePage>
              <DefinitionEntries />
            </WellLogTemplateDefinitionStyle>
            <WellLogGeneralSettingsStyle>
              <Droid>://Slb.GeoscienceWindow.Framework.Core.DataSource.CoreDataSource/Type=Slb.GeoscienceWindow.Wellsection.Plugin.Petrel.Styles.WellLogGeneralSettingsStyle&amp;id=f5f95496-7886-48db-8e56-ca517d7ac9a6</Droid>
              <CurveLimitMethod>Auto</CurveLimitMethod>
              <UseMinValue>false</UseMinValue>
              <UseMaxValue>false</UseMaxValue>
              <MinValue>0</MinValue>
              <MaxValue>0</MaxValue>
              <Direction>Normal</Direction>
              <WrapLog>None</WrapLog>
            </WellLogGeneralSettingsStyle>
            <WellLog2DLogStyle>
              <Droid>://Slb.GeoscienceWindow.Framework.Core.DataSource.CoreDataSource/Type=Slb.GeoscienceWindow.Wellsection.Plugin.Petrel.Styles.WellLog2DLogStyle&amp;id=44ba7caf-1c15-40fb-80ae-e2e41b685f86</Droid>
              <DisplayMode>Line</DisplayMode>
              <LineColorType>Black</LineColorType>
              <LineColor>-65536</LineColor>
              <LineWidth>1</LineWidth>
              <LineType>Solid</LineType>
              <BlockCurve>NONE</BlockCurve>
              <PointColorType>Black</PointColorType>
              <PointColor>-65536</PointColor>
              <PointsSize>5</PointsSize>
              <PointsSymbol>Circle</PointsSymbol>
              <DictionaryBorder>true</DictionaryBorder>
              <DictionaryColorFill>true</DictionaryColorFill>
              <DictionaryPattern>false</DictionaryPattern>
              <DictionaryText>true</DictionaryText>
              <UseAutoSettingForWrap>true</UseAutoSettingForWrap>
              <MinWrapColorType>Black</MinWrapColorType>
              <MinWrapColor>-16777216</MinWrapColor>
              <MinWrapStyle>Dotted</MinWrapStyle>
              <MinWrapWidth>1</MinWrapWidth>
              <MaxWrapColorType>Black</MaxWrapColorType>
              <MaxWrapColor>-16777216</MaxWrapColor>
              <MaxWrapWidth>1</MaxWrapWidth>
              <MaxWrapStyle>Dotted</MaxWrapStyle>
              <MinWrapFillColorType>None</MinWrapFillColorType>
              <MinWrapFillColor>16777215</MinWrapFillColor>
              <MaxWrapFillColorType>None</MaxWrapFillColorType>
              <MaxWrapFillColor>16777215</MaxWrapFillColor>
            </WellLog2DLogStyle>
          </Styles>
          <CustomAttributes />
        </LogFormatTemplate>
      </Children>
      <CustomAttributes />
    </DataTrackFormatTemplate>
  </BoreholeTemplateItems>
  <WellsectionTemplateItems />
  <CorrelationTemplateItems />
  <DeviatedTemplateItems />
  <Color>LightBlue</Color>
  <Comment>Well section template</Comment>
</FormatTemplate>