﻿<?xml version="1.0" encoding="utf-8" standalone="yes"?>
<FormatTemplate>
  <Droid>://Slb.GeoscienceWindow.Framework.Core.DataSource.CoreDataSource/Type=Slb.GeoscienceWindow.Framework.Core.Templates.FormatTemplate&amp;id=2313c638-4257-4183-899b-b45e22b74b16</Droid>
  <ApplicationName>Petrel</ApplicationName>
  <FrameworkVersion>2016.1</FrameworkVersion>
  <Name>Wavelet extraction</Name>
  <LastModified UtcTicks="636220224000000000" />
  <ModifiedBy>(Made by Petrel)</ModifiedBy>
  <TemplateCollection>://Slb.GeoscienceWindow.Framework.Core.DataSource.CoreDataSource/Type=Slb.GeoscienceWindow.Framework.Core.Templates.FormatTemplateCollection&amp;id=db5317e2-1ae3-42ad-b81d-804de887f28d</TemplateCollection>
  <BoreholeTemplateItems>
    <IndexFormatTemplate>
      <Droid>://Slb.GeoscienceWindow.Framework.Core.DataSource.CoreDataSource/Type=Slb.GeoscienceWindow.Wellsection.Plugin.Petrel.Templates.IndexFormatTemplate&amp;id=eacfbee3-f0cf-48e8-abf2-d66b8059ac95</Droid>
      <Name>Index track</Name>
      <Enabled>true</Enabled>
      <NeedToAutoRefreshCandidateList>true</NeedToAutoRefreshCandidateList>
      <AllowedParentTypes>
        <AllowedParentType>BoreholeRootFormatTemplateNode</AllowedParentType>
        <AllowedParentType>DeviatedRootFormatTemplate</AllowedParentType>
      </AllowedParentTypes>
      <Styles>
        <IndexTrackStyle>
          <Droid>://Slb.GeoscienceWindow.Framework.Core.DataSource.CoreDataSource/Type=Slb.GeoscienceWindow.Wellsection.Core.Styles.IndexTrackStyle&amp;id=5f26c283-3702-46bd-9a00-43d95ce93b94</Droid>
          <FlattenAuto>true</FlattenAuto>
          <FlattenStyle>Absolute</FlattenStyle>
          <AnnotateAuto>true</AnnotateAuto>
          <AnnotateStyle>Horizontal</AnnotateStyle>
          <AnnotateAngle>-45</AnnotateAngle>
          <TickAuto>true</TickAuto>
          <TickLeft>true</TickLeft>
          <TickRight>true</TickRight>
          <DepthKind>SSTVD</DepthKind>
          <UseTrackWidth>false</UseTrackWidth>
          <UseConstantWidth>false</UseConstantWidth>
          <ConstantWidth>10</ConstantWidth>
          <UseSpecifiedTrackFont>false</UseSpecifiedTrackFont>
          <ConstantFont>8</ConstantFont>
          <UseWellScale>false</UseWellScale>
          <ShowScaleLabel>true</ShowScaleLabel>
          <ShowIndexBorders>true</ShowIndexBorders>
          <MajorIncrementAuto>true</MajorIncrementAuto>
          <MajorIncrementManualValue>100</MajorIncrementManualValue>
          <NumberOfMinorTicks>10</NumberOfMinorTicks>
        </IndexTrackStyle>
      </Styles>
      <CustomAttributes />
    </IndexFormatTemplate>
    <DataTrackFormatTemplate>
      <Droid>://Slb.GeoscienceWindow.Framework.Core.DataSource.CoreDataSource/Type=Slb.GeoscienceWindow.Wellsection.Core.Templates.DataTrackFormatTemplate&amp;id=be194442-9783-43e8-a5ca-d3461a623ee1</Droid>
      <Name>Sonic/Density/Acoustic impedance</Name>
      <Enabled>true</Enabled>
      <NeedToAutoRefreshCandidateList>true</NeedToAutoRefreshCandidateList>
      <AllowedParentTypes>
        <AllowedParentType>BoreholeRootFormatTemplateNode</AllowedParentType>
        <AllowedParentType>DeviatedRootFormatTemplate</AllowedParentType>
      </AllowedParentTypes>
      <Styles>
        <TemplateInfoStyle>
          <Droid>://Slb.GeoscienceWindow.Framework.Core.DataSource.CoreDataSource/Type=Slb.GeoscienceWindow.Wellsection.Core.Styles.TemplateInfoStyle&amp;id=f83d40eb-ad19-464f-9798-9b04170b8bf3</Droid>
          <UseAutomaticNamingTag>true</UseAutomaticNamingTag>
          <NameTag>Undef</NameTag>
        </TemplateInfoStyle>
        <TrackSettingsStyle>
          <Droid>://Slb.GeoscienceWindow.Framework.Core.DataSource.CoreDataSource/Type=Slb.GeoscienceWindow.Wellsection.Core.Styles.TrackSettingsStyle&amp;id=78da80bd-dd87-40ab-a99e-990ef9f84fd7</Droid>
          <IsDiscreteTrack>false</IsDiscreteTrack>
          <UseTrackWidth>false</UseTrackWidth>
          <TrackWidth>25</TrackWidth>
          <TrackWidthLocked>false</TrackWidthLocked>
          <GridlineType>Linear</GridlineType>
          <ValueLabelType>Cumulative</ValueLabelType>
          <AllowValueLabelOption>false</AllowValueLabelOption>
          <ShowValueLabels>true</ShowValueLabels>
          <UseVerticalLines>true</UseVerticalLines>
          <VerticalLineSpacingType>Auto</VerticalLineSpacingType>
          <VerticalLineIncrement>10</VerticalLineIncrement>
          <VerticalLineDivisions>5</VerticalLineDivisions>
          <UseMajorHorizontalLines>true</UseMajorHorizontalLines>
          <UseMinorHorizontalLines>false</UseMinorHorizontalLines>
          <UseBorderLines>true</UseBorderLines>
          <LineColor>-16777216</LineColor>
          <LineWidth>1</LineWidth>
          <BackgroundColor>-1</BackgroundColor>
          <BackgroundTransparency>0</BackgroundTransparency>
          <EndValue>1</EndValue>
          <DecadeCount>1</DecadeCount>
          <LogScale>1</LogScale>
          <UseMinorLogarithmicVerticalLines>true</UseMinorLogarithmicVerticalLines>
          <LimitMinorLogarithmicVerticalLines>true</LimitMinorLogarithmicVerticalLines>
        </TrackSettingsStyle>
        <CurveFillStyle>
          <Droid>://Slb.GeoscienceWindow.Framework.Core.DataSource.CoreDataSource/Type=Slb.GeoscienceWindow.Wellsection.Core.Styles.CurveFillStyle&amp;id=dc74dbf0-7366-444f-95b8-53ebae1f1875</Droid>
          <CurveFillStyleItems />
        </CurveFillStyle>
      </Styles>
      <Children>
        <LogFormatTemplate>
          <Droid>://Slb.GeoscienceWindow.Framework.Core.DataSource.CoreDataSource/Type=Slb.GeoscienceWindow.Wellsection.Plugin.Petrel.Templates.LogFormatTemplate&amp;id=0be61ab2-9df0-4311-b679-2b12a4c1d2e4</Droid>
          <Name>Sonic</Name>
          <Enabled>true</Enabled>
          <NeedToAutoRefreshCandidateList>true</NeedToAutoRefreshCandidateList>
          <AllowedParentTypes>
            <AllowedParentType>DataTrackFormatTemplate</AllowedParentType>
          </AllowedParentTypes>
          <Styles>
            <TemplateInfoStyle>
              <Droid>://Slb.GeoscienceWindow.Framework.Core.DataSource.CoreDataSource/Type=Slb.GeoscienceWindow.Wellsection.Core.Styles.TemplateInfoStyle&amp;id=1c3914b8-5705-4a6e-9a55-78cfd197df49</Droid>
              <UseAutomaticNamingTag>true</UseAutomaticNamingTag>
              <NameTag>Undef</NameTag>
            </TemplateInfoStyle>
            <WellLogTemplateDefinitionStyle>
              <Droid>://Slb.GeoscienceWindow.Framework.Core.DataSource.CoreDataSource/Type=Slb.GeoscienceWindow.Wellsection.Plugin.Petrel.Styles.TemplateDefinition.WellLogTemplateDefinitionStyle&amp;id=7f86f742-2a30-462e-8b3d-93bada3ab553</Droid>
              <PrimaryDomainObject>V=1&amp;Template.Droid=%3A%2F%2F1d9a2dd1-dd1d-4676-a92e-6057e64d33c2%2F00000038-0000-0000-0000-000000000000&amp;Template.Name=Sonic</PrimaryDomainObject>
              <SecondaryDomainObject></SecondaryDomainObject>
              <TertiaryDomainObject></TertiaryDomainObject>
              <IsTertiaryCheckBoxChecked>false</IsTertiaryCheckBoxChecked>
              <FilterString></FilterString>
              <MatchSimilar>false</MatchSimilar>
              <IsCreatedFromTemplatePage>true</IsCreatedFromTemplatePage>
              <DefinitionEntries />
            </WellLogTemplateDefinitionStyle>
            <WellLogGeneralSettingsStyle>
              <Droid>://Slb.GeoscienceWindow.Framework.Core.DataSource.CoreDataSource/Type=Slb.GeoscienceWindow.Wellsection.Plugin.Petrel.Styles.WellLogGeneralSettingsStyle&amp;id=f8cadd36-d813-4290-af74-1fd49191aeda</Droid>
              <CurveLimitMethod>Auto</CurveLimitMethod>
              <UseMinValue>true</UseMinValue>
              <UseMaxValue>true</UseMaxValue>
              <MinValue>40</MinValue>
              <MaxValue>140</MaxValue>
              <Direction>Reverse</Direction>
              <WrapLog>None</WrapLog>
            </WellLogGeneralSettingsStyle>
            <WellLog2DLogStyle>
              <Droid>://Slb.GeoscienceWindow.Framework.Core.DataSource.CoreDataSource/Type=Slb.GeoscienceWindow.Wellsection.Plugin.Petrel.Styles.WellLog2DLogStyle&amp;id=8ebf9c7c-3467-457e-9c50-127c3d91ea0d</Droid>
              <DisplayMode>Line</DisplayMode>
              <LineColorType>Other</LineColorType>
              <LineColor>-65536</LineColor>
              <LineWidth>1</LineWidth>
              <LineType>Solid</LineType>
              <BlockCurve>NONE</BlockCurve>
              <PointColorType>Black</PointColorType>
              <PointColor>-65536</PointColor>
              <PointsSize>5</PointsSize>
              <PointsSymbol>Circle</PointsSymbol>
              <DictionaryBorder>true</DictionaryBorder>
              <DictionaryColorFill>true</DictionaryColorFill>
              <DictionaryPattern>false</DictionaryPattern>
              <DictionaryText>true</DictionaryText>
              <UseAutoSettingForWrap>true</UseAutoSettingForWrap>
              <MinWrapColorType>Black</MinWrapColorType>
              <MinWrapColor>-16777216</MinWrapColor>
              <MinWrapStyle>Dotted</MinWrapStyle>
              <MinWrapWidth>1</MinWrapWidth>
              <MaxWrapColorType>Black</MaxWrapColorType>
              <MaxWrapColor>-16777216</MaxWrapColor>
              <MaxWrapWidth>1</MaxWrapWidth>
              <MaxWrapStyle>Dotted</MaxWrapStyle>
              <MinWrapFillColorType>None</MinWrapFillColorType>
              <MinWrapFillColor>16777215</MinWrapFillColor>
              <MaxWrapFillColorType>None</MaxWrapFillColorType>
              <MaxWrapFillColor>16777215</MaxWrapFillColor>
            </WellLog2DLogStyle>
          </Styles>
          <CustomAttributes />
        </LogFormatTemplate>
        <LogFormatTemplate>
          <Droid>://Slb.GeoscienceWindow.Framework.Core.DataSource.CoreDataSource/Type=Slb.GeoscienceWindow.Wellsection.Plugin.Petrel.Templates.LogFormatTemplate&amp;id=ab236204-ea85-4f94-a3ba-e5a2814f5cd3</Droid>
          <Name>Density</Name>
          <Enabled>true</Enabled>
          <NeedToAutoRefreshCandidateList>true</NeedToAutoRefreshCandidateList>
          <AllowedParentTypes>
            <AllowedParentType>DataTrackFormatTemplate</AllowedParentType>
          </AllowedParentTypes>
          <Styles>
            <TemplateInfoStyle>
              <Droid>://Slb.GeoscienceWindow.Framework.Core.DataSource.CoreDataSource/Type=Slb.GeoscienceWindow.Wellsection.Core.Styles.TemplateInfoStyle&amp;id=eb978b1f-3cfd-4897-bf66-d2422aaba31f</Droid>
              <UseAutomaticNamingTag>true</UseAutomaticNamingTag>
              <NameTag>Undef</NameTag>
            </TemplateInfoStyle>
            <WellLogTemplateDefinitionStyle>
              <Droid>://Slb.GeoscienceWindow.Framework.Core.DataSource.CoreDataSource/Type=Slb.GeoscienceWindow.Wellsection.Plugin.Petrel.Styles.TemplateDefinition.WellLogTemplateDefinitionStyle&amp;id=be6480f7-d70c-41a1-9ff8-041eb4e1ffb8</Droid>
              <PrimaryDomainObject>V=1&amp;Template.Droid=%3A%2F%2F1d9a2dd1-dd1d-4676-a92e-6057e64d33c2%2F00000037-0000-0000-0000-000000000000&amp;Template.Name=Density</PrimaryDomainObject>
              <SecondaryDomainObject></SecondaryDomainObject>
              <TertiaryDomainObject></TertiaryDomainObject>
              <IsTertiaryCheckBoxChecked>false</IsTertiaryCheckBoxChecked>
              <FilterString></FilterString>
              <MatchSimilar>false</MatchSimilar>
              <IsCreatedFromTemplatePage>true</IsCreatedFromTemplatePage>
              <DefinitionEntries />
            </WellLogTemplateDefinitionStyle>
            <WellLogGeneralSettingsStyle>
              <Droid>://Slb.GeoscienceWindow.Framework.Core.DataSource.CoreDataSource/Type=Slb.GeoscienceWindow.Wellsection.Plugin.Petrel.Styles.WellLogGeneralSettingsStyle&amp;id=571eb78a-f8c9-492a-9289-a19ed76be391</Droid>
              <CurveLimitMethod>Auto</CurveLimitMethod>
              <UseMinValue>true</UseMinValue>
              <UseMaxValue>true</UseMaxValue>
              <MinValue>1.95</MinValue>
              <MaxValue>2.95</MaxValue>
              <Direction>Normal</Direction>
              <WrapLog>None</WrapLog>
            </WellLogGeneralSettingsStyle>
            <WellLog2DLogStyle>
              <Droid>://Slb.GeoscienceWindow.Framework.Core.DataSource.CoreDataSource/Type=Slb.GeoscienceWindow.Wellsection.Plugin.Petrel.Styles.WellLog2DLogStyle&amp;id=f094b36c-e7cc-44b7-a093-3ee99d56579d</Droid>
              <DisplayMode>Line</DisplayMode>
              <LineColorType>Other</LineColorType>
              <LineColor>-24109</LineColor>
              <LineWidth>1</LineWidth>
              <LineType>Solid</LineType>
              <BlockCurve>NONE</BlockCurve>
              <PointColorType>Black</PointColorType>
              <PointColor>-65536</PointColor>
              <PointsSize>5</PointsSize>
              <PointsSymbol>Circle</PointsSymbol>
              <DictionaryBorder>true</DictionaryBorder>
              <DictionaryColorFill>true</DictionaryColorFill>
              <DictionaryPattern>false</DictionaryPattern>
              <DictionaryText>true</DictionaryText>
              <UseAutoSettingForWrap>true</UseAutoSettingForWrap>
              <MinWrapColorType>Black</MinWrapColorType>
              <MinWrapColor>-16777216</MinWrapColor>
              <MinWrapStyle>Dotted</MinWrapStyle>
              <MinWrapWidth>1</MinWrapWidth>
              <MaxWrapColorType>Black</MaxWrapColorType>
              <MaxWrapColor>-16777216</MaxWrapColor>
              <MaxWrapWidth>1</MaxWrapWidth>
              <MaxWrapStyle>Dotted</MaxWrapStyle>
              <MinWrapFillColorType>None</MinWrapFillColorType>
              <MinWrapFillColor>16777215</MinWrapFillColor>
              <MaxWrapFillColorType>None</MaxWrapFillColorType>
              <MaxWrapFillColor>16777215</MaxWrapFillColor>
            </WellLog2DLogStyle>
          </Styles>
          <CustomAttributes />
        </LogFormatTemplate>
        <LogFormatTemplate>
          <Droid>://Slb.GeoscienceWindow.Framework.Core.DataSource.CoreDataSource/Type=Slb.GeoscienceWindow.Wellsection.Plugin.Petrel.Templates.LogFormatTemplate&amp;id=744abd2c-0fab-40b2-9876-710fc227b314</Droid>
          <Name>Acoustic impedance</Name>
          <Enabled>true</Enabled>
          <NeedToAutoRefreshCandidateList>true</NeedToAutoRefreshCandidateList>
          <AllowedParentTypes>
            <AllowedParentType>DataTrackFormatTemplate</AllowedParentType>
          </AllowedParentTypes>
          <Styles>
            <TemplateInfoStyle>
              <Droid>://Slb.GeoscienceWindow.Framework.Core.DataSource.CoreDataSource/Type=Slb.GeoscienceWindow.Wellsection.Core.Styles.TemplateInfoStyle&amp;id=3b67a7f2-d224-4a4e-ac00-a6182288f592</Droid>
              <UseAutomaticNamingTag>true</UseAutomaticNamingTag>
              <NameTag>Undef</NameTag>
            </TemplateInfoStyle>
            <WellLogTemplateDefinitionStyle>
              <Droid>://Slb.GeoscienceWindow.Framework.Core.DataSource.CoreDataSource/Type=Slb.GeoscienceWindow.Wellsection.Plugin.Petrel.Styles.TemplateDefinition.WellLogTemplateDefinitionStyle&amp;id=685be75b-f279-4a7f-a3e7-c312f1c4112b</Droid>
              <PrimaryDomainObject>V=1&amp;Template.Droid=%3A%2F%2F1d9a2dd1-dd1d-4676-a92e-6057e64d33c2%2F000000a1-0000-0000-0000-000000000000&amp;Template.Name=Acoustic%20impedance</PrimaryDomainObject>
              <SecondaryDomainObject></SecondaryDomainObject>
              <TertiaryDomainObject></TertiaryDomainObject>
              <IsTertiaryCheckBoxChecked>false</IsTertiaryCheckBoxChecked>
              <FilterString></FilterString>
              <MatchSimilar>false</MatchSimilar>
              <IsCreatedFromTemplatePage>true</IsCreatedFromTemplatePage>
              <DefinitionEntries />
            </WellLogTemplateDefinitionStyle>
            <WellLogGeneralSettingsStyle>
              <Droid>://Slb.GeoscienceWindow.Framework.Core.DataSource.CoreDataSource/Type=Slb.GeoscienceWindow.Wellsection.Plugin.Petrel.Styles.WellLogGeneralSettingsStyle&amp;id=3bdd53f8-621e-492a-a4e5-7b3136d31784</Droid>
              <CurveLimitMethod>Auto</CurveLimitMethod>
              <UseMinValue>false</UseMinValue>
              <UseMaxValue>false</UseMaxValue>
              <MinValue>0</MinValue>
              <MaxValue>0</MaxValue>
              <Direction>Normal</Direction>
              <WrapLog>None</WrapLog>
            </WellLogGeneralSettingsStyle>
            <WellLog2DLogStyle>
              <Droid>://Slb.GeoscienceWindow.Framework.Core.DataSource.CoreDataSource/Type=Slb.GeoscienceWindow.Wellsection.Plugin.Petrel.Styles.WellLog2DLogStyle&amp;id=82378f61-8b2e-402f-a88c-bf33944a3933</Droid>
              <DisplayMode>Line</DisplayMode>
              <LineColorType>Other</LineColorType>
              <LineColor>-16776961</LineColor>
              <LineWidth>1</LineWidth>
              <LineType>Solid</LineType>
              <BlockCurve>NONE</BlockCurve>
              <PointColorType>Black</PointColorType>
              <PointColor>-65536</PointColor>
              <PointsSize>5</PointsSize>
              <PointsSymbol>Circle</PointsSymbol>
              <DictionaryBorder>true</DictionaryBorder>
              <DictionaryColorFill>true</DictionaryColorFill>
              <DictionaryPattern>false</DictionaryPattern>
              <DictionaryText>true</DictionaryText>
              <UseAutoSettingForWrap>true</UseAutoSettingForWrap>
              <MinWrapColorType>Black</MinWrapColorType>
              <MinWrapColor>-16777216</MinWrapColor>
              <MinWrapStyle>Dotted</MinWrapStyle>
              <MinWrapWidth>1</MinWrapWidth>
              <MaxWrapColorType>Black</MaxWrapColorType>
              <MaxWrapColor>-16777216</MaxWrapColor>
              <MaxWrapWidth>1</MaxWrapWidth>
              <MaxWrapStyle>Dotted</MaxWrapStyle>
              <MinWrapFillColorType>None</MinWrapFillColorType>
              <MinWrapFillColor>16777215</MinWrapFillColor>
              <MaxWrapFillColorType>None</MaxWrapFillColorType>
              <MaxWrapFillColor>16777215</MaxWrapFillColor>
            </WellLog2DLogStyle>
          </Styles>
          <CustomAttributes />
        </LogFormatTemplate>
      </Children>
      <CustomAttributes />
    </DataTrackFormatTemplate>
    <DataTrackFormatTemplate>
      <Droid>://Slb.GeoscienceWindow.Framework.Core.DataSource.CoreDataSource/Type=Slb.GeoscienceWindow.Wellsection.Core.Templates.DataTrackFormatTemplate&amp;id=ba55ec28-c629-4242-8cb9-7d7c35dab65b</Droid>
      <Name>Caliper</Name>
      <Enabled>true</Enabled>
      <NeedToAutoRefreshCandidateList>true</NeedToAutoRefreshCandidateList>
      <AllowedParentTypes>
        <AllowedParentType>BoreholeRootFormatTemplateNode</AllowedParentType>
        <AllowedParentType>DeviatedRootFormatTemplate</AllowedParentType>
      </AllowedParentTypes>
      <Styles>
        <TemplateInfoStyle>
          <Droid>://Slb.GeoscienceWindow.Framework.Core.DataSource.CoreDataSource/Type=Slb.GeoscienceWindow.Wellsection.Core.Styles.TemplateInfoStyle&amp;id=b5683817-c592-45c1-a6da-15a8d7fc4d2c</Droid>
          <UseAutomaticNamingTag>true</UseAutomaticNamingTag>
          <NameTag>Undef</NameTag>
        </TemplateInfoStyle>
        <TrackSettingsStyle>
          <Droid>://Slb.GeoscienceWindow.Framework.Core.DataSource.CoreDataSource/Type=Slb.GeoscienceWindow.Wellsection.Core.Styles.TrackSettingsStyle&amp;id=460822b1-9824-4203-a78d-a94283f5359b</Droid>
          <IsDiscreteTrack>false</IsDiscreteTrack>
          <UseTrackWidth>false</UseTrackWidth>
          <TrackWidth>25</TrackWidth>
          <TrackWidthLocked>false</TrackWidthLocked>
          <GridlineType>Linear</GridlineType>
          <ValueLabelType>Cumulative</ValueLabelType>
          <AllowValueLabelOption>false</AllowValueLabelOption>
          <ShowValueLabels>true</ShowValueLabels>
          <UseVerticalLines>true</UseVerticalLines>
          <VerticalLineSpacingType>Auto</VerticalLineSpacingType>
          <VerticalLineIncrement>10</VerticalLineIncrement>
          <VerticalLineDivisions>5</VerticalLineDivisions>
          <UseMajorHorizontalLines>true</UseMajorHorizontalLines>
          <UseMinorHorizontalLines>false</UseMinorHorizontalLines>
          <UseBorderLines>true</UseBorderLines>
          <LineColor>-16777216</LineColor>
          <LineWidth>1</LineWidth>
          <BackgroundColor>-1</BackgroundColor>
          <BackgroundTransparency>0</BackgroundTransparency>
          <EndValue>1</EndValue>
          <DecadeCount>1</DecadeCount>
          <LogScale>1</LogScale>
          <UseMinorLogarithmicVerticalLines>true</UseMinorLogarithmicVerticalLines>
          <LimitMinorLogarithmicVerticalLines>true</LimitMinorLogarithmicVerticalLines>
        </TrackSettingsStyle>
        <CurveFillStyle>
          <Droid>://Slb.GeoscienceWindow.Framework.Core.DataSource.CoreDataSource/Type=Slb.GeoscienceWindow.Wellsection.Core.Styles.CurveFillStyle&amp;id=e952f8cd-87b8-41d4-b5cb-221aaa327188</Droid>
          <CurveFillStyleItems />
        </CurveFillStyle>
      </Styles>
      <Children>
        <LogFormatTemplate>
          <Droid>://Slb.GeoscienceWindow.Framework.Core.DataSource.CoreDataSource/Type=Slb.GeoscienceWindow.Wellsection.Plugin.Petrel.Templates.LogFormatTemplate&amp;id=bce8fc13-bb35-45f6-b5bf-285be7f2f1e8</Droid>
          <Name>Caliper</Name>
          <Enabled>true</Enabled>
          <NeedToAutoRefreshCandidateList>true</NeedToAutoRefreshCandidateList>
          <AllowedParentTypes>
            <AllowedParentType>DataTrackFormatTemplate</AllowedParentType>
          </AllowedParentTypes>
          <Styles>
            <TemplateInfoStyle>
              <Droid>://Slb.GeoscienceWindow.Framework.Core.DataSource.CoreDataSource/Type=Slb.GeoscienceWindow.Wellsection.Core.Styles.TemplateInfoStyle&amp;id=b30e4223-ebda-4b0d-b619-24bfbd6153d7</Droid>
              <UseAutomaticNamingTag>true</UseAutomaticNamingTag>
              <NameTag>Undef</NameTag>
            </TemplateInfoStyle>
            <WellLogTemplateDefinitionStyle>
              <Droid>://Slb.GeoscienceWindow.Framework.Core.DataSource.CoreDataSource/Type=Slb.GeoscienceWindow.Wellsection.Plugin.Petrel.Styles.TemplateDefinition.WellLogTemplateDefinitionStyle&amp;id=0b405525-9cf0-40bc-93f9-5ca0d5b7b5f7</Droid>
              <PrimaryDomainObject>V=1&amp;Template.Droid=%3A%2F%2F1d9a2dd1-dd1d-4676-a92e-6057e64d33c2%2F0000003b-0000-0000-0000-000000000000&amp;Template.Name=Caliper</PrimaryDomainObject>
              <SecondaryDomainObject></SecondaryDomainObject>
              <TertiaryDomainObject></TertiaryDomainObject>
              <IsTertiaryCheckBoxChecked>false</IsTertiaryCheckBoxChecked>
              <FilterString></FilterString>
              <MatchSimilar>false</MatchSimilar>
              <IsCreatedFromTemplatePage>true</IsCreatedFromTemplatePage>
              <DefinitionEntries />
            </WellLogTemplateDefinitionStyle>
            <WellLogGeneralSettingsStyle>
              <Droid>://Slb.GeoscienceWindow.Framework.Core.DataSource.CoreDataSource/Type=Slb.GeoscienceWindow.Wellsection.Plugin.Petrel.Styles.WellLogGeneralSettingsStyle&amp;id=21f1079e-188d-4497-b987-394c49933b9f</Droid>
              <CurveLimitMethod>Auto</CurveLimitMethod>
              <UseMinValue>true</UseMinValue>
              <UseMaxValue>true</UseMaxValue>
              <MinValue>4</MinValue>
              <MaxValue>14</MaxValue>
              <Direction>Normal</Direction>
              <WrapLog>None</WrapLog>
            </WellLogGeneralSettingsStyle>
            <WellLog2DLogStyle>
              <Droid>://Slb.GeoscienceWindow.Framework.Core.DataSource.CoreDataSource/Type=Slb.GeoscienceWindow.Wellsection.Plugin.Petrel.Styles.WellLog2DLogStyle&amp;id=0a1e780f-d62b-46ba-8023-4f705d832c5d</Droid>
              <DisplayMode>Line</DisplayMode>
              <LineColorType>Other</LineColorType>
              <LineColor>-3371008</LineColor>
              <LineWidth>1</LineWidth>
              <LineType>Solid</LineType>
              <BlockCurve>NONE</BlockCurve>
              <PointColorType>Black</PointColorType>
              <PointColor>-65536</PointColor>
              <PointsSize>5</PointsSize>
              <PointsSymbol>Circle</PointsSymbol>
              <DictionaryBorder>true</DictionaryBorder>
              <DictionaryColorFill>true</DictionaryColorFill>
              <DictionaryPattern>false</DictionaryPattern>
              <DictionaryText>true</DictionaryText>
              <UseAutoSettingForWrap>true</UseAutoSettingForWrap>
              <MinWrapColorType>Black</MinWrapColorType>
              <MinWrapColor>-16777216</MinWrapColor>
              <MinWrapStyle>Dotted</MinWrapStyle>
              <MinWrapWidth>1</MinWrapWidth>
              <MaxWrapColorType>Black</MaxWrapColorType>
              <MaxWrapColor>-16777216</MaxWrapColor>
              <MaxWrapWidth>1</MaxWrapWidth>
              <MaxWrapStyle>Dotted</MaxWrapStyle>
              <MinWrapFillColorType>None</MinWrapFillColorType>
              <MinWrapFillColor>16777215</MinWrapFillColor>
              <MaxWrapFillColorType>None</MaxWrapFillColorType>
              <MaxWrapFillColor>16777215</MaxWrapFillColor>
            </WellLog2DLogStyle>
          </Styles>
          <CustomAttributes />
        </LogFormatTemplate>
      </Children>
      <CustomAttributes />
    </DataTrackFormatTemplate>
    <DataTrackFormatTemplate>
      <Droid>://Slb.GeoscienceWindow.Framework.Core.DataSource.CoreDataSource/Type=Slb.GeoscienceWindow.Wellsection.Core.Templates.DataTrackFormatTemplate&amp;id=0d4f19bc-bc82-4b02-8ff8-87095caa09c5</Droid>
      <Name>Reflection coefficients</Name>
      <Enabled>true</Enabled>
      <NeedToAutoRefreshCandidateList>true</NeedToAutoRefreshCandidateList>
      <AllowedParentTypes>
        <AllowedParentType>BoreholeRootFormatTemplateNode</AllowedParentType>
        <AllowedParentType>DeviatedRootFormatTemplate</AllowedParentType>
      </AllowedParentTypes>
      <Styles>
        <TemplateInfoStyle>
          <Droid>://Slb.GeoscienceWindow.Framework.Core.DataSource.CoreDataSource/Type=Slb.GeoscienceWindow.Wellsection.Core.Styles.TemplateInfoStyle&amp;id=03fd2bb2-8926-4c79-85ff-abb2a49aa6d6</Droid>
          <UseAutomaticNamingTag>true</UseAutomaticNamingTag>
          <NameTag>Undef</NameTag>
        </TemplateInfoStyle>
        <TrackSettingsStyle>
          <Droid>://Slb.GeoscienceWindow.Framework.Core.DataSource.CoreDataSource/Type=Slb.GeoscienceWindow.Wellsection.Core.Styles.TrackSettingsStyle&amp;id=ee713f68-cf12-41e4-9846-b888221a2053</Droid>
          <IsDiscreteTrack>false</IsDiscreteTrack>
          <UseTrackWidth>true</UseTrackWidth>
          <TrackWidth>10</TrackWidth>
          <TrackWidthLocked>false</TrackWidthLocked>
          <GridlineType>Linear</GridlineType>
          <ValueLabelType>Cumulative</ValueLabelType>
          <AllowValueLabelOption>false</AllowValueLabelOption>
          <ShowValueLabels>true</ShowValueLabels>
          <UseVerticalLines>true</UseVerticalLines>
          <VerticalLineSpacingType>Auto</VerticalLineSpacingType>
          <VerticalLineIncrement>10</VerticalLineIncrement>
          <VerticalLineDivisions>5</VerticalLineDivisions>
          <UseMajorHorizontalLines>true</UseMajorHorizontalLines>
          <UseMinorHorizontalLines>false</UseMinorHorizontalLines>
          <UseBorderLines>true</UseBorderLines>
          <LineColor>-16777216</LineColor>
          <LineWidth>1</LineWidth>
          <BackgroundColor>-1</BackgroundColor>
          <BackgroundTransparency>0</BackgroundTransparency>
          <EndValue>1</EndValue>
          <DecadeCount>1</DecadeCount>
          <LogScale>1</LogScale>
          <UseMinorLogarithmicVerticalLines>true</UseMinorLogarithmicVerticalLines>
          <LimitMinorLogarithmicVerticalLines>true</LimitMinorLogarithmicVerticalLines>
        </TrackSettingsStyle>
        <CurveFillStyle>
          <Droid>://Slb.GeoscienceWindow.Framework.Core.DataSource.CoreDataSource/Type=Slb.GeoscienceWindow.Wellsection.Core.Styles.CurveFillStyle&amp;id=6ea3f3ed-4ded-4047-9d17-d1ace23ac8ec</Droid>
          <CurveFillStyleItems />
        </CurveFillStyle>
      </Styles>
      <Children>
        <LogFormatTemplate>
          <Droid>://Slb.GeoscienceWindow.Framework.Core.DataSource.CoreDataSource/Type=Slb.GeoscienceWindow.Wellsection.Plugin.Petrel.Templates.LogFormatTemplate&amp;id=b2866b39-baeb-44c1-8d17-3152c423f475</Droid>
          <Name>Reflection coefficients</Name>
          <Enabled>true</Enabled>
          <NeedToAutoRefreshCandidateList>true</NeedToAutoRefreshCandidateList>
          <AllowedParentTypes>
            <AllowedParentType>DataTrackFormatTemplate</AllowedParentType>
          </AllowedParentTypes>
          <Styles>
            <TemplateInfoStyle>
              <Droid>://Slb.GeoscienceWindow.Framework.Core.DataSource.CoreDataSource/Type=Slb.GeoscienceWindow.Wellsection.Core.Styles.TemplateInfoStyle&amp;id=60766da3-2897-4b22-8485-a2ee41390ee6</Droid>
              <UseAutomaticNamingTag>true</UseAutomaticNamingTag>
              <NameTag>Undef</NameTag>
            </TemplateInfoStyle>
            <WellLogTemplateDefinitionStyle>
              <Droid>://Slb.GeoscienceWindow.Framework.Core.DataSource.CoreDataSource/Type=Slb.GeoscienceWindow.Wellsection.Plugin.Petrel.Styles.TemplateDefinition.WellLogTemplateDefinitionStyle&amp;id=b6be21c8-59b1-47c1-b0a7-9781d0f927d6</Droid>
              <PrimaryDomainObject>V=1&amp;Template.Droid=%3A%2F%2F1d9a2dd1-dd1d-4676-a92e-6057e64d33c2%2F000000a2-0000-0000-0000-000000000000&amp;Template.Name=Reflection%20coefficients</PrimaryDomainObject>
              <SecondaryDomainObject></SecondaryDomainObject>
              <TertiaryDomainObject></TertiaryDomainObject>
              <IsTertiaryCheckBoxChecked>false</IsTertiaryCheckBoxChecked>
              <FilterString></FilterString>
              <MatchSimilar>false</MatchSimilar>
              <IsCreatedFromTemplatePage>true</IsCreatedFromTemplatePage>
              <DefinitionEntries />
            </WellLogTemplateDefinitionStyle>
            <WellLogGeneralSettingsStyle>
              <Droid>://Slb.GeoscienceWindow.Framework.Core.DataSource.CoreDataSource/Type=Slb.GeoscienceWindow.Wellsection.Plugin.Petrel.Styles.WellLogGeneralSettingsStyle&amp;id=58955600-93bc-4d5f-91af-79375c0b7858</Droid>
              <CurveLimitMethod>Auto</CurveLimitMethod>
              <UseMinValue>false</UseMinValue>
              <UseMaxValue>false</UseMaxValue>
              <MinValue>0</MinValue>
              <MaxValue>0</MaxValue>
              <Direction>Normal</Direction>
              <WrapLog>None</WrapLog>
            </WellLogGeneralSettingsStyle>
            <WellLog2DLogStyle>
              <Droid>://Slb.GeoscienceWindow.Framework.Core.DataSource.CoreDataSource/Type=Slb.GeoscienceWindow.Wellsection.Plugin.Petrel.Styles.WellLog2DLogStyle&amp;id=d20ae13f-90db-45bd-92a0-d0dff6839ae2</Droid>
              <DisplayMode>Line</DisplayMode>
              <LineColorType>Black</LineColorType>
              <LineColor>-65536</LineColor>
              <LineWidth>1</LineWidth>
              <LineType>Solid</LineType>
              <BlockCurve>NONE</BlockCurve>
              <PointColorType>Black</PointColorType>
              <PointColor>-65536</PointColor>
              <PointsSize>5</PointsSize>
              <PointsSymbol>Circle</PointsSymbol>
              <DictionaryBorder>true</DictionaryBorder>
              <DictionaryColorFill>true</DictionaryColorFill>
              <DictionaryPattern>false</DictionaryPattern>
              <DictionaryText>true</DictionaryText>
              <UseAutoSettingForWrap>true</UseAutoSettingForWrap>
              <MinWrapColorType>Black</MinWrapColorType>
              <MinWrapColor>-16777216</MinWrapColor>
              <MinWrapStyle>Dotted</MinWrapStyle>
              <MinWrapWidth>1</MinWrapWidth>
              <MaxWrapColorType>Black</MaxWrapColorType>
              <MaxWrapColor>-16777216</MaxWrapColor>
              <MaxWrapWidth>1</MaxWrapWidth>
              <MaxWrapStyle>Dotted</MaxWrapStyle>
              <MinWrapFillColorType>None</MinWrapFillColorType>
              <MinWrapFillColor>16777215</MinWrapFillColor>
              <MaxWrapFillColorType>None</MaxWrapFillColorType>
              <MaxWrapFillColor>16777215</MaxWrapFillColor>
            </WellLog2DLogStyle>
          </Styles>
          <CustomAttributes />
        </LogFormatTemplate>
      </Children>
      <CustomAttributes />
    </DataTrackFormatTemplate>
    <DataTrackFormatTemplate>
      <Droid>://Slb.GeoscienceWindow.Framework.Core.DataSource.CoreDataSource/Type=Slb.GeoscienceWindow.Wellsection.Core.Templates.DataTrackFormatTemplate&amp;id=f6653119-ad42-4b39-adfc-67223b8ac04e</Droid>
      <Name>General time</Name>
      <Enabled>true</Enabled>
      <NeedToAutoRefreshCandidateList>true</NeedToAutoRefreshCandidateList>
      <AllowedParentTypes>
        <AllowedParentType>BoreholeRootFormatTemplateNode</AllowedParentType>
        <AllowedParentType>DeviatedRootFormatTemplate</AllowedParentType>
      </AllowedParentTypes>
      <Styles>
        <TemplateInfoStyle>
          <Droid>://Slb.GeoscienceWindow.Framework.Core.DataSource.CoreDataSource/Type=Slb.GeoscienceWindow.Wellsection.Core.Styles.TemplateInfoStyle&amp;id=42bbd43a-6061-4742-8827-bc96c850df9b</Droid>
          <UseAutomaticNamingTag>true</UseAutomaticNamingTag>
          <NameTag>Undef</NameTag>
        </TemplateInfoStyle>
        <TrackSettingsStyle>
          <Droid>://Slb.GeoscienceWindow.Framework.Core.DataSource.CoreDataSource/Type=Slb.GeoscienceWindow.Wellsection.Core.Styles.TrackSettingsStyle&amp;id=5c6e0fd1-e4db-42c7-9005-493e8cf5b52b</Droid>
          <IsDiscreteTrack>false</IsDiscreteTrack>
          <UseTrackWidth>false</UseTrackWidth>
          <TrackWidth>25</TrackWidth>
          <TrackWidthLocked>false</TrackWidthLocked>
          <GridlineType>Linear</GridlineType>
          <ValueLabelType>Cumulative</ValueLabelType>
          <AllowValueLabelOption>false</AllowValueLabelOption>
          <ShowValueLabels>true</ShowValueLabels>
          <UseVerticalLines>true</UseVerticalLines>
          <VerticalLineSpacingType>Auto</VerticalLineSpacingType>
          <VerticalLineIncrement>10</VerticalLineIncrement>
          <VerticalLineDivisions>5</VerticalLineDivisions>
          <UseMajorHorizontalLines>true</UseMajorHorizontalLines>
          <UseMinorHorizontalLines>false</UseMinorHorizontalLines>
          <UseBorderLines>true</UseBorderLines>
          <LineColor>-16777216</LineColor>
          <LineWidth>1</LineWidth>
          <BackgroundColor>-1</BackgroundColor>
          <BackgroundTransparency>0</BackgroundTransparency>
          <EndValue>1</EndValue>
          <DecadeCount>1</DecadeCount>
          <LogScale>1</LogScale>
          <UseMinorLogarithmicVerticalLines>true</UseMinorLogarithmicVerticalLines>
          <LimitMinorLogarithmicVerticalLines>true</LimitMinorLogarithmicVerticalLines>
        </TrackSettingsStyle>
        <CurveFillStyle>
          <Droid>://Slb.GeoscienceWindow.Framework.Core.DataSource.CoreDataSource/Type=Slb.GeoscienceWindow.Wellsection.Core.Styles.CurveFillStyle&amp;id=818796c1-ebc8-4fc9-b65c-e8473340e4bf</Droid>
          <CurveFillStyleItems />
        </CurveFillStyle>
      </Styles>
      <Children>
        <WellPointPropertyFormatTemplate>
          <Droid>://Slb.GeoscienceWindow.Framework.Core.DataSource.CoreDataSource/Type=Slb.GeoscienceWindow.Wellsection.Plugin.Petrel.Templates.WellPointPropertyFormatTemplate&amp;id=44153d87-0a06-46ba-aceb-d5d6f81803c2</Droid>
          <Name>General time</Name>
          <Enabled>true</Enabled>
          <NeedToAutoRefreshCandidateList>true</NeedToAutoRefreshCandidateList>
          <AllowedParentTypes>
            <AllowedParentType>DataTrackFormatTemplate</AllowedParentType>
          </AllowedParentTypes>
          <Styles>
            <TemplateInfoStyle>
              <Droid>://Slb.GeoscienceWindow.Framework.Core.DataSource.CoreDataSource/Type=Slb.GeoscienceWindow.Wellsection.Core.Styles.TemplateInfoStyle&amp;id=905f18a7-56f2-4fff-bed2-63179e801d8d</Droid>
              <UseAutomaticNamingTag>true</UseAutomaticNamingTag>
              <NameTag>Undef</NameTag>
            </TemplateInfoStyle>
            <WellPointPropertyTemplateDefinitionStyle>
              <Droid>://Slb.GeoscienceWindow.Framework.Core.DataSource.CoreDataSource/Type=Slb.GeoscienceWindow.Wellsection.Plugin.Petrel.Styles.TemplateDefinition.WellPointPropertyTemplateDefinitionStyle&amp;id=557fa8ed-e48a-4af4-b51e-f4a567deefcf</Droid>
              <PrimaryDomainObject>V=1&amp;Template.Droid=%3A%2F%2F1d9a2dd1-dd1d-4676-a92e-6057e64d33c2%2F00000010-0000-0000-0000-000000000000&amp;Template.Name=General%20time</PrimaryDomainObject>
              <SecondaryDomainObject>V=1&amp;WellPointPropertyDomainObjectType=Marker</SecondaryDomainObject>
              <TertiaryDomainObject></TertiaryDomainObject>
              <IsTertiaryCheckBoxChecked>false</IsTertiaryCheckBoxChecked>
              <FilterString></FilterString>
              <MatchSimilar>false</MatchSimilar>
              <IsCreatedFromTemplatePage>true</IsCreatedFromTemplatePage>
              <DefinitionEntries />
            </WellPointPropertyTemplateDefinitionStyle>
            <WellLogGeneralSettingsStyle>
              <Droid>://Slb.GeoscienceWindow.Framework.Core.DataSource.CoreDataSource/Type=Slb.GeoscienceWindow.Wellsection.Plugin.Petrel.Styles.WellLogGeneralSettingsStyle&amp;id=8846f800-2d50-48e9-8939-0e5a6598f299</Droid>
              <CurveLimitMethod>Auto</CurveLimitMethod>
              <UseMinValue>false</UseMinValue>
              <UseMaxValue>false</UseMaxValue>
              <MinValue>0</MinValue>
              <MaxValue>0</MaxValue>
              <Direction>Normal</Direction>
              <WrapLog>None</WrapLog>
            </WellLogGeneralSettingsStyle>
            <PointZoneAttributeStyle>
              <Droid>://Slb.GeoscienceWindow.Framework.Core.DataSource.CoreDataSource/Type=Slb.GeoscienceWindow.Wellsection.Plugin.Petrel.Styles.PointZoneAttributeStyle&amp;id=9ae9bb09-2dd2-4ef3-a0d7-5bf18d6d42bc</Droid>
              <DisplayMode>Symbol</DisplayMode>
              <LineColorType>AsWellPointProperty</LineColorType>
              <LineColor>-16777216</LineColor>
              <LineWidth>1</LineWidth>
              <LineType>Solid</LineType>
              <BlockCurve>NONE</BlockCurve>
              <PointColorType>AsWellPointProperty</PointColorType>
              <PointColor>-16777216</PointColor>
              <PointsSize>8</PointsSize>
              <PointsSymbol>Circle</PointsSymbol>
              <DictionaryBorder>true</DictionaryBorder>
              <DictionaryColorFill>true</DictionaryColorFill>
              <DictionaryPattern>false</DictionaryPattern>
              <DictionaryText>true</DictionaryText>
              <ShowLabels>false</ShowLabels>
              <ShowZoneAttributeLabels>false</ShowZoneAttributeLabels>
              <ShowZoneFill>true</ShowZoneFill>
              <Prefix></Prefix>
              <Suffix></Suffix>
              <LabelColorType>Black</LabelColorType>
              <LabelColor>-16777216</LabelColor>
              <FillColorType>AsDefined</FillColorType>
              <FontType>
                <FontType>
                  <Droid>://Slb.GeoscienceWindow.Framework.Core.DataSource.CoreDataSource/Type=Slb.GeoscienceWindow.Framework.Core.Styles.FontType&amp;id=d7928f22-de7a-4f17-869d-e1d496d6613d</Droid>
                  <Size>7</Size>
                  <Bold>false</Bold>
                  <Italics>false</Italics>
                  <Underline>false</Underline>
                </FontType>
              </FontType>
              <LabelPosition>TOP_CENTER</LabelPosition>
              <ShowOutlineBox>false</ShowOutlineBox>
            </PointZoneAttributeStyle>
          </Styles>
          <CustomAttributes />
        </WellPointPropertyFormatTemplate>
      </Children>
      <CustomAttributes />
    </DataTrackFormatTemplate>
    <DataTrackFormatTemplate>
      <Droid>://Slb.GeoscienceWindow.Framework.Core.DataSource.CoreDataSource/Type=Slb.GeoscienceWindow.Wellsection.Core.Templates.DataTrackFormatTemplate&amp;id=672745e3-bf34-449c-83c1-70d1c72540a5</Droid>
      <Name>Seismic (default)</Name>
      <Enabled>true</Enabled>
      <NeedToAutoRefreshCandidateList>true</NeedToAutoRefreshCandidateList>
      <AllowedParentTypes>
        <AllowedParentType>BoreholeRootFormatTemplateNode</AllowedParentType>
        <AllowedParentType>DeviatedRootFormatTemplate</AllowedParentType>
      </AllowedParentTypes>
      <Styles>
        <TemplateInfoStyle>
          <Droid>://Slb.GeoscienceWindow.Framework.Core.DataSource.CoreDataSource/Type=Slb.GeoscienceWindow.Wellsection.Core.Styles.TemplateInfoStyle&amp;id=cc36571d-31ad-4d0e-9fc2-56bc7f2335ff</Droid>
          <UseAutomaticNamingTag>true</UseAutomaticNamingTag>
          <NameTag>Undef</NameTag>
        </TemplateInfoStyle>
        <TrackSettingsStyle>
          <Droid>://Slb.GeoscienceWindow.Framework.Core.DataSource.CoreDataSource/Type=Slb.GeoscienceWindow.Wellsection.Core.Styles.TrackSettingsStyle&amp;id=e10da2a8-911a-45f6-bcdf-c6beca3527f9</Droid>
          <IsDiscreteTrack>false</IsDiscreteTrack>
          <UseTrackWidth>false</UseTrackWidth>
          <TrackWidth>25</TrackWidth>
          <TrackWidthLocked>false</TrackWidthLocked>
          <GridlineType>Linear</GridlineType>
          <ValueLabelType>Cumulative</ValueLabelType>
          <AllowValueLabelOption>false</AllowValueLabelOption>
          <ShowValueLabels>true</ShowValueLabels>
          <UseVerticalLines>true</UseVerticalLines>
          <VerticalLineSpacingType>Auto</VerticalLineSpacingType>
          <VerticalLineIncrement>10</VerticalLineIncrement>
          <VerticalLineDivisions>5</VerticalLineDivisions>
          <UseMajorHorizontalLines>true</UseMajorHorizontalLines>
          <UseMinorHorizontalLines>false</UseMinorHorizontalLines>
          <UseBorderLines>true</UseBorderLines>
          <LineColor>-16777216</LineColor>
          <LineWidth>1</LineWidth>
          <BackgroundColor>-1</BackgroundColor>
          <BackgroundTransparency>0</BackgroundTransparency>
          <EndValue>1</EndValue>
          <DecadeCount>1</DecadeCount>
          <LogScale>1</LogScale>
          <UseMinorLogarithmicVerticalLines>true</UseMinorLogarithmicVerticalLines>
          <LimitMinorLogarithmicVerticalLines>true</LimitMinorLogarithmicVerticalLines>
        </TrackSettingsStyle>
        <CurveFillStyle>
          <Droid>://Slb.GeoscienceWindow.Framework.Core.DataSource.CoreDataSource/Type=Slb.GeoscienceWindow.Wellsection.Core.Styles.CurveFillStyle&amp;id=c62cac79-008e-4b88-b986-c6099ea8574a</Droid>
          <CurveFillStyleItems />
        </CurveFillStyle>
      </Styles>
      <Children>
        <SeismicFormatTemplate>
          <Droid>://Slb.GeoscienceWindow.Framework.Core.DataSource.CoreDataSource/Type=Slb.GeoscienceWindow.Wellsection.Plugin.Petrel.Templates.SeismicFormatTemplate&amp;id=9f3f723b-f38c-4045-be8d-a0db3fe5c965</Droid>
          <Name>Seismic (default)</Name>
          <Enabled>true</Enabled>
          <NeedToAutoRefreshCandidateList>true</NeedToAutoRefreshCandidateList>
          <AllowedParentTypes>
            <AllowedParentType>DataTrackFormatTemplate</AllowedParentType>
          </AllowedParentTypes>
          <Styles>
            <TemplateInfoStyle>
              <Droid>://Slb.GeoscienceWindow.Framework.Core.DataSource.CoreDataSource/Type=Slb.GeoscienceWindow.Wellsection.Core.Styles.TemplateInfoStyle&amp;id=479ce5bb-d603-4785-979d-fff4f836dc19</Droid>
              <UseAutomaticNamingTag>true</UseAutomaticNamingTag>
              <NameTag>Undef</NameTag>
            </TemplateInfoStyle>
            <BoreholeSeismogramTemplateDefinitionStyle>
              <Droid>://Slb.GeoscienceWindow.Framework.Core.DataSource.CoreDataSource/Type=Slb.GeoscienceWindow.Wellsection.Plugin.Petrel.Styles.TemplateDefinition.BoreholeSeismogramTemplateDefinitionStyle&amp;id=430e2e67-1335-4cdf-ad79-c1b822a5d81e</Droid>
              <PrimaryDomainObject>V=1&amp;Template.Droid=%3A%2F%2F1d9a2dd1-dd1d-4676-a92e-6057e64d33c2%2F00000041-0000-0000-0000-000000000000&amp;Template.Name=Seismic%20%28default%29</PrimaryDomainObject>
              <SecondaryDomainObject></SecondaryDomainObject>
              <TertiaryDomainObject></TertiaryDomainObject>
              <IsTertiaryCheckBoxChecked>false</IsTertiaryCheckBoxChecked>
              <FilterString></FilterString>
              <MatchSimilar>false</MatchSimilar>
              <IsCreatedFromTemplatePage>true</IsCreatedFromTemplatePage>
              <DefinitionEntries />
            </BoreholeSeismogramTemplateDefinitionStyle>
            <WellSeismicStyle>
              <Droid>://Slb.GeoscienceWindow.Framework.Core.DataSource.CoreDataSource/Type=Slb.GeoscienceWindow.Wellsection.Core.Styles.WellSeismicStyle&amp;id=8d7615b3-4929-4d13-a287-8da026f860a2</Droid>
              <Antialiasing>true</Antialiasing>
              <DecimationThreshold>1</DecimationThreshold>
              <ClippingFactor>4</ClippingFactor>
              <NormalizationScale>1</NormalizationScale>
              <Interpolation>Quadratic</Interpolation>
              <SeismicPlotType>Empty, PositiveFillAndWiggle</SeismicPlotType>
              <WiggleColor>-16777216</WiggleColor>
              <PositiveFillColor>-16777216</PositiveFillColor>
              <NegativeFillColor>-16777216</NegativeFillColor>
              <TraceRepeatCount>1</TraceRepeatCount>
              <UseTraceRepeatCount>true</UseTraceRepeatCount>
            </WellSeismicStyle>
          </Styles>
          <CustomAttributes />
        </SeismicFormatTemplate>
      </Children>
      <CustomAttributes />
    </DataTrackFormatTemplate>
    <IndexFormatTemplate>
      <Droid>://Slb.GeoscienceWindow.Framework.Core.DataSource.CoreDataSource/Type=Slb.GeoscienceWindow.Wellsection.Plugin.Petrel.Templates.IndexFormatTemplate&amp;id=5789715a-e343-4a92-a5c3-ce98a1323761</Droid>
      <Name>Index track</Name>
      <Enabled>true</Enabled>
      <NeedToAutoRefreshCandidateList>true</NeedToAutoRefreshCandidateList>
      <AllowedParentTypes>
        <AllowedParentType>BoreholeRootFormatTemplateNode</AllowedParentType>
        <AllowedParentType>DeviatedRootFormatTemplate</AllowedParentType>
      </AllowedParentTypes>
      <Styles>
        <IndexTrackStyle>
          <Droid>://Slb.GeoscienceWindow.Framework.Core.DataSource.CoreDataSource/Type=Slb.GeoscienceWindow.Wellsection.Core.Styles.IndexTrackStyle&amp;id=1f6a1dd1-b547-441b-b174-de4fb44f496e</Droid>
          <FlattenAuto>true</FlattenAuto>
          <FlattenStyle>Absolute</FlattenStyle>
          <AnnotateAuto>true</AnnotateAuto>
          <AnnotateStyle>Horizontal</AnnotateStyle>
          <AnnotateAngle>-45</AnnotateAngle>
          <TickAuto>true</TickAuto>
          <TickLeft>true</TickLeft>
          <TickRight>true</TickRight>
          <DepthKind>SSTVD</DepthKind>
          <UseTrackWidth>false</UseTrackWidth>
          <UseConstantWidth>false</UseConstantWidth>
          <ConstantWidth>10</ConstantWidth>
          <UseSpecifiedTrackFont>false</UseSpecifiedTrackFont>
          <ConstantFont>8</ConstantFont>
          <UseWellScale>false</UseWellScale>
          <ShowScaleLabel>true</ShowScaleLabel>
          <ShowIndexBorders>true</ShowIndexBorders>
          <MajorIncrementAuto>true</MajorIncrementAuto>
          <MajorIncrementManualValue>100</MajorIncrementManualValue>
          <NumberOfMinorTicks>10</NumberOfMinorTicks>
        </IndexTrackStyle>
      </Styles>
      <CustomAttributes />
    </IndexFormatTemplate>
  </BoreholeTemplateItems>
  <WellsectionTemplateItems />
  <CorrelationTemplateItems />
  <DeviatedTemplateItems />
  <Color>LightBlue</Color>
  <Comment>Well section template</Comment>
</FormatTemplate>