﻿<?xml version="1.0" encoding="utf-8" standalone="yes"?>
<FormatTemplate>
  <Droid>://Slb.GeoscienceWindow.Framework.Core.DataSource.CoreDataSource/Type=Slb.GeoscienceWindow.Framework.Core.Templates.FormatTemplate&amp;id=52930a31-3804-42f9-beb5-4bd0409978d9</Droid>
  <ApplicationName>Petrel</ApplicationName>
  <FrameworkVersion>2016.1</FrameworkVersion>
  <Name>Triple combo</Name>
  <LastModified UtcTicks="636220224000000000" />
  <ModifiedBy>(Made by Petrel)</ModifiedBy>
  <TemplateCollection>://Slb.GeoscienceWindow.Framework.Core.DataSource.CoreDataSource/Type=Slb.GeoscienceWindow.Framework.Core.Templates.FormatTemplateCollection&amp;id=db5317e2-1ae3-42ad-b81d-804de887f28d</TemplateCollection>
  <BoreholeTemplateItems>
    <DataTrackFormatTemplate>
      <Droid>://Slb.GeoscienceWindow.Framework.Core.DataSource.CoreDataSource/Type=Slb.GeoscienceWindow.Wellsection.Core.Templates.DataTrackFormatTemplate&amp;id=703e385d-b18c-41fd-860d-faa16c605689</Droid>
      <Name>Gamma ray/Caliper/Spontaneous potential</Name>
      <Enabled>true</Enabled>
      <NeedToAutoRefreshCandidateList>true</NeedToAutoRefreshCandidateList>
      <AllowedParentTypes>
        <AllowedParentType>BoreholeRootFormatTemplateNode</AllowedParentType>
        <AllowedParentType>DeviatedRootFormatTemplate</AllowedParentType>
      </AllowedParentTypes>
      <Styles>
        <TemplateInfoStyle>
          <Droid>://Slb.GeoscienceWindow.Framework.Core.DataSource.CoreDataSource/Type=Slb.GeoscienceWindow.Wellsection.Core.Styles.TemplateInfoStyle&amp;id=a6383c09-ad74-4880-afe9-d20131ec4c33</Droid>
          <UseAutomaticNamingTag>true</UseAutomaticNamingTag>
          <NameTag>Undef</NameTag>
        </TemplateInfoStyle>
        <TrackSettingsStyle>
          <Droid>://Slb.GeoscienceWindow.Framework.Core.DataSource.CoreDataSource/Type=Slb.GeoscienceWindow.Wellsection.Core.Styles.TrackSettingsStyle&amp;id=94ec5348-d039-41c2-9ac0-a87f05667cde</Droid>
          <IsDiscreteTrack>false</IsDiscreteTrack>
          <UseTrackWidth>true</UseTrackWidth>
          <TrackWidth>25</TrackWidth>
          <TrackWidthLocked>false</TrackWidthLocked>
          <GridlineType>Linear</GridlineType>
          <ValueLabelType>Cumulative</ValueLabelType>
          <AllowValueLabelOption>false</AllowValueLabelOption>
          <ShowValueLabels>true</ShowValueLabels>
          <UseVerticalLines>true</UseVerticalLines>
          <VerticalLineSpacingType>Auto</VerticalLineSpacingType>
          <VerticalLineIncrement>10</VerticalLineIncrement>
          <VerticalLineDivisions>5</VerticalLineDivisions>
          <UseMajorHorizontalLines>true</UseMajorHorizontalLines>
          <UseMinorHorizontalLines>false</UseMinorHorizontalLines>
          <UseBorderLines>true</UseBorderLines>
          <LineColor>-16777216</LineColor>
          <LineWidth>1</LineWidth>
          <BackgroundColor>-1</BackgroundColor>
          <BackgroundTransparency>0</BackgroundTransparency>
          <EndValue>1</EndValue>
          <DecadeCount>1</DecadeCount>
          <LogScale>1</LogScale>
          <UseMinorLogarithmicVerticalLines>true</UseMinorLogarithmicVerticalLines>
          <LimitMinorLogarithmicVerticalLines>true</LimitMinorLogarithmicVerticalLines>
        </TrackSettingsStyle>
        <CurveFillStyle>
          <Droid>://Slb.GeoscienceWindow.Framework.Core.DataSource.CoreDataSource/Type=Slb.GeoscienceWindow.Wellsection.Core.Styles.CurveFillStyle&amp;id=9bcec20c-21d5-4066-ad7f-734034a51b8f</Droid>
          <CurveFillStyleItems />
        </CurveFillStyle>
      </Styles>
      <Children>
        <LogFormatTemplate>
          <Droid>://Slb.GeoscienceWindow.Framework.Core.DataSource.CoreDataSource/Type=Slb.GeoscienceWindow.Wellsection.Plugin.Petrel.Templates.LogFormatTemplate&amp;id=727052de-a7df-4b6d-a4a3-f1e51c5a0f71</Droid>
          <Name>Gamma ray</Name>
          <Enabled>true</Enabled>
          <NeedToAutoRefreshCandidateList>true</NeedToAutoRefreshCandidateList>
          <AllowedParentTypes>
            <AllowedParentType>DataTrackFormatTemplate</AllowedParentType>
          </AllowedParentTypes>
          <Styles>
            <TemplateInfoStyle>
              <Droid>://Slb.GeoscienceWindow.Framework.Core.DataSource.CoreDataSource/Type=Slb.GeoscienceWindow.Wellsection.Core.Styles.TemplateInfoStyle&amp;id=7e8101b0-217a-40db-bfa5-0980e475c94b</Droid>
              <UseAutomaticNamingTag>true</UseAutomaticNamingTag>
              <NameTag>Undef</NameTag>
            </TemplateInfoStyle>
            <WellLogTemplateDefinitionStyle>
              <Droid>://Slb.GeoscienceWindow.Framework.Core.DataSource.CoreDataSource/Type=Slb.GeoscienceWindow.Wellsection.Plugin.Petrel.Styles.TemplateDefinition.WellLogTemplateDefinitionStyle&amp;id=633e5b86-d705-4f95-8f54-183884eb0d29</Droid>
              <PrimaryDomainObject>V=1&amp;Template.Droid=%3A%2F%2F1d9a2dd1-dd1d-4676-a92e-6057e64d33c2%2F00000032-0000-0000-0000-000000000000&amp;Template.Name=Gamma%20ray</PrimaryDomainObject>
              <SecondaryDomainObject></SecondaryDomainObject>
              <TertiaryDomainObject></TertiaryDomainObject>
              <IsTertiaryCheckBoxChecked>false</IsTertiaryCheckBoxChecked>
              <FilterString></FilterString>
              <MatchSimilar>false</MatchSimilar>
              <IsCreatedFromTemplatePage>true</IsCreatedFromTemplatePage>
              <DefinitionEntries />
            </WellLogTemplateDefinitionStyle>
            <WellLogGeneralSettingsStyle>
              <Droid>://Slb.GeoscienceWindow.Framework.Core.DataSource.CoreDataSource/Type=Slb.GeoscienceWindow.Wellsection.Plugin.Petrel.Styles.WellLogGeneralSettingsStyle&amp;id=cd2a1013-e53d-403e-a615-7206d0e869ba</Droid>
              <CurveLimitMethod>Auto</CurveLimitMethod>
              <UseMinValue>true</UseMinValue>
              <UseMaxValue>true</UseMaxValue>
              <MinValue>0</MinValue>
              <MaxValue>150</MaxValue>
              <Direction>Normal</Direction>
              <WrapLog>None</WrapLog>
            </WellLogGeneralSettingsStyle>
            <WellLog2DLogStyle>
              <Droid>://Slb.GeoscienceWindow.Framework.Core.DataSource.CoreDataSource/Type=Slb.GeoscienceWindow.Wellsection.Plugin.Petrel.Styles.WellLog2DLogStyle&amp;id=4d46d434-1d2c-413b-b1b8-ad9d49fb9a15</Droid>
              <DisplayMode>Line</DisplayMode>
              <LineColorType>Other</LineColorType>
              <LineColor>-16724992</LineColor>
              <LineWidth>1</LineWidth>
              <LineType>Solid</LineType>
              <BlockCurve>NONE</BlockCurve>
              <PointColorType>Black</PointColorType>
              <PointColor>-65536</PointColor>
              <PointsSize>5</PointsSize>
              <PointsSymbol>Circle</PointsSymbol>
              <DictionaryBorder>true</DictionaryBorder>
              <DictionaryColorFill>true</DictionaryColorFill>
              <DictionaryPattern>false</DictionaryPattern>
              <DictionaryText>true</DictionaryText>
              <UseAutoSettingForWrap>true</UseAutoSettingForWrap>
              <MinWrapColorType>Black</MinWrapColorType>
              <MinWrapColor>-16777216</MinWrapColor>
              <MinWrapStyle>Dotted</MinWrapStyle>
              <MinWrapWidth>1</MinWrapWidth>
              <MaxWrapColorType>Black</MaxWrapColorType>
              <MaxWrapColor>-16777216</MaxWrapColor>
              <MaxWrapWidth>1</MaxWrapWidth>
              <MaxWrapStyle>Dotted</MaxWrapStyle>
              <MinWrapFillColorType>None</MinWrapFillColorType>
              <MinWrapFillColor>16777215</MinWrapFillColor>
              <MaxWrapFillColorType>None</MaxWrapFillColorType>
              <MaxWrapFillColor>16777215</MaxWrapFillColor>
            </WellLog2DLogStyle>
          </Styles>
          <CustomAttributes />
        </LogFormatTemplate>
        <LogFormatTemplate>
          <Droid>://Slb.GeoscienceWindow.Framework.Core.DataSource.CoreDataSource/Type=Slb.GeoscienceWindow.Wellsection.Plugin.Petrel.Templates.LogFormatTemplate&amp;id=b1154dc3-1731-4ffe-a7b4-654789622028</Droid>
          <Name>Caliper</Name>
          <Enabled>true</Enabled>
          <NeedToAutoRefreshCandidateList>true</NeedToAutoRefreshCandidateList>
          <AllowedParentTypes>
            <AllowedParentType>DataTrackFormatTemplate</AllowedParentType>
          </AllowedParentTypes>
          <Styles>
            <TemplateInfoStyle>
              <Droid>://Slb.GeoscienceWindow.Framework.Core.DataSource.CoreDataSource/Type=Slb.GeoscienceWindow.Wellsection.Core.Styles.TemplateInfoStyle&amp;id=14adffa9-3ebb-4c2b-b75d-9352338eede1</Droid>
              <UseAutomaticNamingTag>true</UseAutomaticNamingTag>
              <NameTag>Undef</NameTag>
            </TemplateInfoStyle>
            <WellLogTemplateDefinitionStyle>
              <Droid>://Slb.GeoscienceWindow.Framework.Core.DataSource.CoreDataSource/Type=Slb.GeoscienceWindow.Wellsection.Plugin.Petrel.Styles.TemplateDefinition.WellLogTemplateDefinitionStyle&amp;id=b57bc15a-502d-463e-a75d-fe0a3fc8fd4b</Droid>
              <PrimaryDomainObject>V=1&amp;Template.Droid=%3A%2F%2F1d9a2dd1-dd1d-4676-a92e-6057e64d33c2%2F0000003b-0000-0000-0000-000000000000&amp;Template.Name=Caliper</PrimaryDomainObject>
              <SecondaryDomainObject></SecondaryDomainObject>
              <TertiaryDomainObject></TertiaryDomainObject>
              <IsTertiaryCheckBoxChecked>false</IsTertiaryCheckBoxChecked>
              <FilterString></FilterString>
              <MatchSimilar>false</MatchSimilar>
              <IsCreatedFromTemplatePage>true</IsCreatedFromTemplatePage>
              <DefinitionEntries />
            </WellLogTemplateDefinitionStyle>
            <WellLogGeneralSettingsStyle>
              <Droid>://Slb.GeoscienceWindow.Framework.Core.DataSource.CoreDataSource/Type=Slb.GeoscienceWindow.Wellsection.Plugin.Petrel.Styles.WellLogGeneralSettingsStyle&amp;id=31363718-68bd-42ce-936a-47467dc58e7b</Droid>
              <CurveLimitMethod>Auto</CurveLimitMethod>
              <UseMinValue>true</UseMinValue>
              <UseMaxValue>true</UseMaxValue>
              <MinValue>4</MinValue>
              <MaxValue>14</MaxValue>
              <Direction>Normal</Direction>
              <WrapLog>None</WrapLog>
            </WellLogGeneralSettingsStyle>
            <WellLog2DLogStyle>
              <Droid>://Slb.GeoscienceWindow.Framework.Core.DataSource.CoreDataSource/Type=Slb.GeoscienceWindow.Wellsection.Plugin.Petrel.Styles.WellLog2DLogStyle&amp;id=49e4db03-6a51-4540-a3c0-7874183ce223</Droid>
              <DisplayMode>Line</DisplayMode>
              <LineColorType>Other</LineColorType>
              <LineColor>-16776961</LineColor>
              <LineWidth>1</LineWidth>
              <LineType>Solid</LineType>
              <BlockCurve>NONE</BlockCurve>
              <PointColorType>Black</PointColorType>
              <PointColor>-65536</PointColor>
              <PointsSize>5</PointsSize>
              <PointsSymbol>Circle</PointsSymbol>
              <DictionaryBorder>true</DictionaryBorder>
              <DictionaryColorFill>true</DictionaryColorFill>
              <DictionaryPattern>false</DictionaryPattern>
              <DictionaryText>true</DictionaryText>
              <UseAutoSettingForWrap>true</UseAutoSettingForWrap>
              <MinWrapColorType>Black</MinWrapColorType>
              <MinWrapColor>-16777216</MinWrapColor>
              <MinWrapStyle>Dotted</MinWrapStyle>
              <MinWrapWidth>1</MinWrapWidth>
              <MaxWrapColorType>Black</MaxWrapColorType>
              <MaxWrapColor>-16777216</MaxWrapColor>
              <MaxWrapWidth>1</MaxWrapWidth>
              <MaxWrapStyle>Dotted</MaxWrapStyle>
              <MinWrapFillColorType>None</MinWrapFillColorType>
              <MinWrapFillColor>16777215</MinWrapFillColor>
              <MaxWrapFillColorType>None</MaxWrapFillColorType>
              <MaxWrapFillColor>16777215</MaxWrapFillColor>
            </WellLog2DLogStyle>
          </Styles>
          <CustomAttributes />
        </LogFormatTemplate>
        <LogFormatTemplate>
          <Droid>://Slb.GeoscienceWindow.Framework.Core.DataSource.CoreDataSource/Type=Slb.GeoscienceWindow.Wellsection.Plugin.Petrel.Templates.LogFormatTemplate&amp;id=f52a307e-edf9-4f92-8c9d-96fffdb6c094</Droid>
          <Name>Spontaneous potential</Name>
          <Enabled>true</Enabled>
          <NeedToAutoRefreshCandidateList>true</NeedToAutoRefreshCandidateList>
          <AllowedParentTypes>
            <AllowedParentType>DataTrackFormatTemplate</AllowedParentType>
          </AllowedParentTypes>
          <Styles>
            <TemplateInfoStyle>
              <Droid>://Slb.GeoscienceWindow.Framework.Core.DataSource.CoreDataSource/Type=Slb.GeoscienceWindow.Wellsection.Core.Styles.TemplateInfoStyle&amp;id=ecf78d72-507d-4f2e-8ab3-a4f00c914fca</Droid>
              <UseAutomaticNamingTag>true</UseAutomaticNamingTag>
              <NameTag>Undef</NameTag>
            </TemplateInfoStyle>
            <WellLogTemplateDefinitionStyle>
              <Droid>://Slb.GeoscienceWindow.Framework.Core.DataSource.CoreDataSource/Type=Slb.GeoscienceWindow.Wellsection.Plugin.Petrel.Styles.TemplateDefinition.WellLogTemplateDefinitionStyle&amp;id=cd775514-ff61-4552-9a69-a1e512cf4fbb</Droid>
              <PrimaryDomainObject>V=1&amp;Template.Droid=%3A%2F%2F1d9a2dd1-dd1d-4676-a92e-6057e64d33c2%2F00000039-0000-0000-0000-000000000000&amp;Template.Name=Spontaneous%20potential</PrimaryDomainObject>
              <SecondaryDomainObject></SecondaryDomainObject>
              <TertiaryDomainObject></TertiaryDomainObject>
              <IsTertiaryCheckBoxChecked>false</IsTertiaryCheckBoxChecked>
              <FilterString></FilterString>
              <MatchSimilar>false</MatchSimilar>
              <IsCreatedFromTemplatePage>true</IsCreatedFromTemplatePage>
              <DefinitionEntries />
            </WellLogTemplateDefinitionStyle>
            <WellLogGeneralSettingsStyle>
              <Droid>://Slb.GeoscienceWindow.Framework.Core.DataSource.CoreDataSource/Type=Slb.GeoscienceWindow.Wellsection.Plugin.Petrel.Styles.WellLogGeneralSettingsStyle&amp;id=0ae9e114-a690-4439-bf9e-adc6fb4426e7</Droid>
              <CurveLimitMethod>Auto</CurveLimitMethod>
              <UseMinValue>true</UseMinValue>
              <UseMaxValue>true</UseMaxValue>
              <MinValue>-100</MinValue>
              <MaxValue>0</MaxValue>
              <Direction>Normal</Direction>
              <WrapLog>None</WrapLog>
            </WellLogGeneralSettingsStyle>
            <WellLog2DLogStyle>
              <Droid>://Slb.GeoscienceWindow.Framework.Core.DataSource.CoreDataSource/Type=Slb.GeoscienceWindow.Wellsection.Plugin.Petrel.Styles.WellLog2DLogStyle&amp;id=acdb97a8-5a73-4a84-a763-eca63dbc6f18</Droid>
              <DisplayMode>Line</DisplayMode>
              <LineColorType>Black</LineColorType>
              <LineColor>-65536</LineColor>
              <LineWidth>1</LineWidth>
              <LineType>Solid</LineType>
              <BlockCurve>NONE</BlockCurve>
              <PointColorType>Black</PointColorType>
              <PointColor>-65536</PointColor>
              <PointsSize>5</PointsSize>
              <PointsSymbol>Circle</PointsSymbol>
              <DictionaryBorder>true</DictionaryBorder>
              <DictionaryColorFill>true</DictionaryColorFill>
              <DictionaryPattern>false</DictionaryPattern>
              <DictionaryText>true</DictionaryText>
              <UseAutoSettingForWrap>true</UseAutoSettingForWrap>
              <MinWrapColorType>Black</MinWrapColorType>
              <MinWrapColor>-16777216</MinWrapColor>
              <MinWrapStyle>Dotted</MinWrapStyle>
              <MinWrapWidth>1</MinWrapWidth>
              <MaxWrapColorType>Black</MaxWrapColorType>
              <MaxWrapColor>-16777216</MaxWrapColor>
              <MaxWrapWidth>1</MaxWrapWidth>
              <MaxWrapStyle>Dotted</MaxWrapStyle>
              <MinWrapFillColorType>None</MinWrapFillColorType>
              <MinWrapFillColor>16777215</MinWrapFillColor>
              <MaxWrapFillColorType>None</MaxWrapFillColorType>
              <MaxWrapFillColor>16777215</MaxWrapFillColor>
            </WellLog2DLogStyle>
          </Styles>
          <CustomAttributes />
        </LogFormatTemplate>
      </Children>
      <CustomAttributes />
    </DataTrackFormatTemplate>
    <IndexFormatTemplate>
      <Droid>://Slb.GeoscienceWindow.Framework.Core.DataSource.CoreDataSource/Type=Slb.GeoscienceWindow.Wellsection.Plugin.Petrel.Templates.IndexFormatTemplate&amp;id=bd5d8e28-f6b7-4868-90c2-eb78a31048cd</Droid>
      <Name>Index track</Name>
      <Enabled>true</Enabled>
      <NeedToAutoRefreshCandidateList>true</NeedToAutoRefreshCandidateList>
      <AllowedParentTypes>
        <AllowedParentType>BoreholeRootFormatTemplateNode</AllowedParentType>
        <AllowedParentType>DeviatedRootFormatTemplate</AllowedParentType>
      </AllowedParentTypes>
      <Styles>
        <IndexTrackStyle>
          <Droid>://Slb.GeoscienceWindow.Framework.Core.DataSource.CoreDataSource/Type=Slb.GeoscienceWindow.Wellsection.Core.Styles.IndexTrackStyle&amp;id=a561c2f0-a0d2-4ef3-8eb6-426211b510b7</Droid>
          <FlattenAuto>true</FlattenAuto>
          <FlattenStyle>Absolute</FlattenStyle>
          <AnnotateAuto>true</AnnotateAuto>
          <AnnotateStyle>Horizontal</AnnotateStyle>
          <AnnotateAngle>-45</AnnotateAngle>
          <TickAuto>true</TickAuto>
          <TickLeft>true</TickLeft>
          <TickRight>true</TickRight>
          <DepthKind>SSTVD</DepthKind>
          <UseTrackWidth>false</UseTrackWidth>
          <UseConstantWidth>false</UseConstantWidth>
          <ConstantWidth>10</ConstantWidth>
          <UseSpecifiedTrackFont>false</UseSpecifiedTrackFont>
          <ConstantFont>8</ConstantFont>
          <UseWellScale>false</UseWellScale>
          <ShowScaleLabel>true</ShowScaleLabel>
          <ShowIndexBorders>true</ShowIndexBorders>
          <MajorIncrementAuto>true</MajorIncrementAuto>
          <MajorIncrementManualValue>100</MajorIncrementManualValue>
          <NumberOfMinorTicks>10</NumberOfMinorTicks>
        </IndexTrackStyle>
      </Styles>
      <CustomAttributes />
    </IndexFormatTemplate>
    <DataTrackFormatTemplate>
      <Droid>://Slb.GeoscienceWindow.Framework.Core.DataSource.CoreDataSource/Type=Slb.GeoscienceWindow.Wellsection.Core.Templates.DataTrackFormatTemplate&amp;id=dd776bd6-bf57-448a-87a2-766f4f0202a9</Droid>
      <Name>Resistivity, deep/Resistivity, shallow/Micro resistivity</Name>
      <Enabled>true</Enabled>
      <NeedToAutoRefreshCandidateList>true</NeedToAutoRefreshCandidateList>
      <AllowedParentTypes>
        <AllowedParentType>BoreholeRootFormatTemplateNode</AllowedParentType>
        <AllowedParentType>DeviatedRootFormatTemplate</AllowedParentType>
      </AllowedParentTypes>
      <Styles>
        <TemplateInfoStyle>
          <Droid>://Slb.GeoscienceWindow.Framework.Core.DataSource.CoreDataSource/Type=Slb.GeoscienceWindow.Wellsection.Core.Styles.TemplateInfoStyle&amp;id=ed19bd33-eab0-47ce-9fc0-ce26b04ab3a6</Droid>
          <UseAutomaticNamingTag>true</UseAutomaticNamingTag>
          <NameTag>Undef</NameTag>
        </TemplateInfoStyle>
        <TrackSettingsStyle>
          <Droid>://Slb.GeoscienceWindow.Framework.Core.DataSource.CoreDataSource/Type=Slb.GeoscienceWindow.Wellsection.Core.Styles.TrackSettingsStyle&amp;id=99d682b9-6fa8-4853-80b5-e7caff392b90</Droid>
          <IsDiscreteTrack>false</IsDiscreteTrack>
          <UseTrackWidth>true</UseTrackWidth>
          <TrackWidth>25</TrackWidth>
          <TrackWidthLocked>false</TrackWidthLocked>
          <GridlineType>Logarithmic</GridlineType>
          <ValueLabelType>Cumulative</ValueLabelType>
          <AllowValueLabelOption>false</AllowValueLabelOption>
          <ShowValueLabels>true</ShowValueLabels>
          <UseVerticalLines>true</UseVerticalLines>
          <VerticalLineSpacingType>Auto</VerticalLineSpacingType>
          <VerticalLineIncrement>10</VerticalLineIncrement>
          <VerticalLineDivisions>5</VerticalLineDivisions>
          <UseMajorHorizontalLines>true</UseMajorHorizontalLines>
          <UseMinorHorizontalLines>false</UseMinorHorizontalLines>
          <UseBorderLines>true</UseBorderLines>
          <LineColor>-16777216</LineColor>
          <LineWidth>1</LineWidth>
          <BackgroundColor>-1</BackgroundColor>
          <BackgroundTransparency>0</BackgroundTransparency>
          <EndValue>1</EndValue>
          <DecadeCount>1</DecadeCount>
          <LogScale>1</LogScale>
          <UseMinorLogarithmicVerticalLines>true</UseMinorLogarithmicVerticalLines>
          <LimitMinorLogarithmicVerticalLines>true</LimitMinorLogarithmicVerticalLines>
        </TrackSettingsStyle>
        <CurveFillStyle>
          <Droid>://Slb.GeoscienceWindow.Framework.Core.DataSource.CoreDataSource/Type=Slb.GeoscienceWindow.Wellsection.Core.Styles.CurveFillStyle&amp;id=060549b1-8929-4343-8c2a-d637a52f3ffa</Droid>
          <CurveFillStyleItems />
        </CurveFillStyle>
      </Styles>
      <Children>
        <LogFormatTemplate>
          <Droid>://Slb.GeoscienceWindow.Framework.Core.DataSource.CoreDataSource/Type=Slb.GeoscienceWindow.Wellsection.Plugin.Petrel.Templates.LogFormatTemplate&amp;id=209477f2-d147-426f-9f42-bce331f0e104</Droid>
          <Name>Resistivity, deep</Name>
          <Enabled>true</Enabled>
          <NeedToAutoRefreshCandidateList>true</NeedToAutoRefreshCandidateList>
          <AllowedParentTypes>
            <AllowedParentType>DataTrackFormatTemplate</AllowedParentType>
          </AllowedParentTypes>
          <Styles>
            <TemplateInfoStyle>
              <Droid>://Slb.GeoscienceWindow.Framework.Core.DataSource.CoreDataSource/Type=Slb.GeoscienceWindow.Wellsection.Core.Styles.TemplateInfoStyle&amp;id=c072aab8-5b27-4ca8-a152-7640f2291ca2</Droid>
              <UseAutomaticNamingTag>true</UseAutomaticNamingTag>
              <NameTag>Undef</NameTag>
            </TemplateInfoStyle>
            <WellLogTemplateDefinitionStyle>
              <Droid>://Slb.GeoscienceWindow.Framework.Core.DataSource.CoreDataSource/Type=Slb.GeoscienceWindow.Wellsection.Plugin.Petrel.Styles.TemplateDefinition.WellLogTemplateDefinitionStyle&amp;id=028f3c18-623b-43ac-bd95-0dba3e51500b</Droid>
              <PrimaryDomainObject>V=1&amp;Template.Droid=%3A%2F%2F1d9a2dd1-dd1d-4676-a92e-6057e64d33c2%2F00000122-0000-0000-0000-000000000000&amp;Template.Name=Resistivity%2C%20deep</PrimaryDomainObject>
              <SecondaryDomainObject></SecondaryDomainObject>
              <TertiaryDomainObject></TertiaryDomainObject>
              <IsTertiaryCheckBoxChecked>false</IsTertiaryCheckBoxChecked>
              <FilterString></FilterString>
              <MatchSimilar>false</MatchSimilar>
              <IsCreatedFromTemplatePage>true</IsCreatedFromTemplatePage>
              <DefinitionEntries />
            </WellLogTemplateDefinitionStyle>
            <WellLogGeneralSettingsStyle>
              <Droid>://Slb.GeoscienceWindow.Framework.Core.DataSource.CoreDataSource/Type=Slb.GeoscienceWindow.Wellsection.Plugin.Petrel.Styles.WellLogGeneralSettingsStyle&amp;id=24629e2f-d7cf-41b5-b753-658c1c5a4f70</Droid>
              <CurveLimitMethod>Auto</CurveLimitMethod>
              <UseMinValue>true</UseMinValue>
              <UseMaxValue>true</UseMaxValue>
              <MinValue>0.2</MinValue>
              <MaxValue>2000</MaxValue>
              <Direction>Normal</Direction>
              <WrapLog>None</WrapLog>
            </WellLogGeneralSettingsStyle>
            <WellLog2DLogStyle>
              <Droid>://Slb.GeoscienceWindow.Framework.Core.DataSource.CoreDataSource/Type=Slb.GeoscienceWindow.Wellsection.Plugin.Petrel.Styles.WellLog2DLogStyle&amp;id=fc78aa5d-b02e-43fe-8420-6f7873d443b3</Droid>
              <DisplayMode>Line</DisplayMode>
              <LineColorType>Other</LineColorType>
              <LineColor>-65536</LineColor>
              <LineWidth>1</LineWidth>
              <LineType>Solid</LineType>
              <BlockCurve>NONE</BlockCurve>
              <PointColorType>Black</PointColorType>
              <PointColor>-65536</PointColor>
              <PointsSize>5</PointsSize>
              <PointsSymbol>Circle</PointsSymbol>
              <DictionaryBorder>true</DictionaryBorder>
              <DictionaryColorFill>true</DictionaryColorFill>
              <DictionaryPattern>false</DictionaryPattern>
              <DictionaryText>true</DictionaryText>
              <UseAutoSettingForWrap>true</UseAutoSettingForWrap>
              <MinWrapColorType>Black</MinWrapColorType>
              <MinWrapColor>-16777216</MinWrapColor>
              <MinWrapStyle>Dotted</MinWrapStyle>
              <MinWrapWidth>1</MinWrapWidth>
              <MaxWrapColorType>Black</MaxWrapColorType>
              <MaxWrapColor>-16777216</MaxWrapColor>
              <MaxWrapWidth>1</MaxWrapWidth>
              <MaxWrapStyle>Dotted</MaxWrapStyle>
              <MinWrapFillColorType>None</MinWrapFillColorType>
              <MinWrapFillColor>16777215</MinWrapFillColor>
              <MaxWrapFillColorType>None</MaxWrapFillColorType>
              <MaxWrapFillColor>16777215</MaxWrapFillColor>
            </WellLog2DLogStyle>
          </Styles>
          <CustomAttributes />
        </LogFormatTemplate>
        <LogFormatTemplate>
          <Droid>://Slb.GeoscienceWindow.Framework.Core.DataSource.CoreDataSource/Type=Slb.GeoscienceWindow.Wellsection.Plugin.Petrel.Templates.LogFormatTemplate&amp;id=0095aad6-d0e7-4f35-93b4-943ca7c2ccde</Droid>
          <Name>Resistivity, shallow</Name>
          <Enabled>true</Enabled>
          <NeedToAutoRefreshCandidateList>true</NeedToAutoRefreshCandidateList>
          <AllowedParentTypes>
            <AllowedParentType>DataTrackFormatTemplate</AllowedParentType>
          </AllowedParentTypes>
          <Styles>
            <TemplateInfoStyle>
              <Droid>://Slb.GeoscienceWindow.Framework.Core.DataSource.CoreDataSource/Type=Slb.GeoscienceWindow.Wellsection.Core.Styles.TemplateInfoStyle&amp;id=4c34ff9a-7895-4610-b24c-b8de65e02c1d</Droid>
              <UseAutomaticNamingTag>true</UseAutomaticNamingTag>
              <NameTag>Undef</NameTag>
            </TemplateInfoStyle>
            <WellLogTemplateDefinitionStyle>
              <Droid>://Slb.GeoscienceWindow.Framework.Core.DataSource.CoreDataSource/Type=Slb.GeoscienceWindow.Wellsection.Plugin.Petrel.Styles.TemplateDefinition.WellLogTemplateDefinitionStyle&amp;id=a757a716-ab27-4ea1-ab9e-5063c7e667bb</Droid>
              <PrimaryDomainObject>V=1&amp;Template.Droid=%3A%2F%2F1d9a2dd1-dd1d-4676-a92e-6057e64d33c2%2F00000124-0000-0000-0000-000000000000&amp;Template.Name=Resistivity%2C%20shallow</PrimaryDomainObject>
              <SecondaryDomainObject></SecondaryDomainObject>
              <TertiaryDomainObject></TertiaryDomainObject>
              <IsTertiaryCheckBoxChecked>false</IsTertiaryCheckBoxChecked>
              <FilterString></FilterString>
              <MatchSimilar>false</MatchSimilar>
              <IsCreatedFromTemplatePage>true</IsCreatedFromTemplatePage>
              <DefinitionEntries />
            </WellLogTemplateDefinitionStyle>
            <WellLogGeneralSettingsStyle>
              <Droid>://Slb.GeoscienceWindow.Framework.Core.DataSource.CoreDataSource/Type=Slb.GeoscienceWindow.Wellsection.Plugin.Petrel.Styles.WellLogGeneralSettingsStyle&amp;id=dba25c26-9041-4c8a-b8d7-99fdd3f3333e</Droid>
              <CurveLimitMethod>Auto</CurveLimitMethod>
              <UseMinValue>true</UseMinValue>
              <UseMaxValue>true</UseMaxValue>
              <MinValue>0.2</MinValue>
              <MaxValue>2000</MaxValue>
              <Direction>Normal</Direction>
              <WrapLog>None</WrapLog>
            </WellLogGeneralSettingsStyle>
            <WellLog2DLogStyle>
              <Droid>://Slb.GeoscienceWindow.Framework.Core.DataSource.CoreDataSource/Type=Slb.GeoscienceWindow.Wellsection.Plugin.Petrel.Styles.WellLog2DLogStyle&amp;id=44054c73-e842-40c4-8296-5958bd8d786f</Droid>
              <DisplayMode>Line</DisplayMode>
              <LineColorType>Other</LineColorType>
              <LineColor>-65281</LineColor>
              <LineWidth>1</LineWidth>
              <LineType>Solid</LineType>
              <BlockCurve>NONE</BlockCurve>
              <PointColorType>Black</PointColorType>
              <PointColor>-65536</PointColor>
              <PointsSize>5</PointsSize>
              <PointsSymbol>Circle</PointsSymbol>
              <DictionaryBorder>true</DictionaryBorder>
              <DictionaryColorFill>true</DictionaryColorFill>
              <DictionaryPattern>false</DictionaryPattern>
              <DictionaryText>true</DictionaryText>
              <UseAutoSettingForWrap>true</UseAutoSettingForWrap>
              <MinWrapColorType>Black</MinWrapColorType>
              <MinWrapColor>-16777216</MinWrapColor>
              <MinWrapStyle>Dotted</MinWrapStyle>
              <MinWrapWidth>1</MinWrapWidth>
              <MaxWrapColorType>Black</MaxWrapColorType>
              <MaxWrapColor>-16777216</MaxWrapColor>
              <MaxWrapWidth>1</MaxWrapWidth>
              <MaxWrapStyle>Dotted</MaxWrapStyle>
              <MinWrapFillColorType>None</MinWrapFillColorType>
              <MinWrapFillColor>16777215</MinWrapFillColor>
              <MaxWrapFillColorType>None</MaxWrapFillColorType>
              <MaxWrapFillColor>16777215</MaxWrapFillColor>
            </WellLog2DLogStyle>
          </Styles>
          <CustomAttributes />
        </LogFormatTemplate>
        <LogFormatTemplate>
          <Droid>://Slb.GeoscienceWindow.Framework.Core.DataSource.CoreDataSource/Type=Slb.GeoscienceWindow.Wellsection.Plugin.Petrel.Templates.LogFormatTemplate&amp;id=f00ca524-aa52-4662-bb9f-99c2e3b896b0</Droid>
          <Name>Micro resistivity</Name>
          <Enabled>true</Enabled>
          <NeedToAutoRefreshCandidateList>true</NeedToAutoRefreshCandidateList>
          <AllowedParentTypes>
            <AllowedParentType>DataTrackFormatTemplate</AllowedParentType>
          </AllowedParentTypes>
          <Styles>
            <TemplateInfoStyle>
              <Droid>://Slb.GeoscienceWindow.Framework.Core.DataSource.CoreDataSource/Type=Slb.GeoscienceWindow.Wellsection.Core.Styles.TemplateInfoStyle&amp;id=57b60c80-3acb-4f1c-a1ba-3f88ef245c55</Droid>
              <UseAutomaticNamingTag>true</UseAutomaticNamingTag>
              <NameTag>Undef</NameTag>
            </TemplateInfoStyle>
            <WellLogTemplateDefinitionStyle>
              <Droid>://Slb.GeoscienceWindow.Framework.Core.DataSource.CoreDataSource/Type=Slb.GeoscienceWindow.Wellsection.Plugin.Petrel.Styles.TemplateDefinition.WellLogTemplateDefinitionStyle&amp;id=48a1ff37-d503-44d6-a26e-ffe7584b371e</Droid>
              <PrimaryDomainObject>V=1&amp;Template.Droid=%3A%2F%2F1d9a2dd1-dd1d-4676-a92e-6057e64d33c2%2F000000f5-0000-0000-0000-000000000000&amp;Template.Name=Micro%20resistivity</PrimaryDomainObject>
              <SecondaryDomainObject></SecondaryDomainObject>
              <TertiaryDomainObject></TertiaryDomainObject>
              <IsTertiaryCheckBoxChecked>false</IsTertiaryCheckBoxChecked>
              <FilterString></FilterString>
              <MatchSimilar>false</MatchSimilar>
              <IsCreatedFromTemplatePage>true</IsCreatedFromTemplatePage>
              <DefinitionEntries />
            </WellLogTemplateDefinitionStyle>
            <WellLogGeneralSettingsStyle>
              <Droid>://Slb.GeoscienceWindow.Framework.Core.DataSource.CoreDataSource/Type=Slb.GeoscienceWindow.Wellsection.Plugin.Petrel.Styles.WellLogGeneralSettingsStyle&amp;id=39ba72ba-bf18-4967-ba28-d77cab6b9eaa</Droid>
              <CurveLimitMethod>Auto</CurveLimitMethod>
              <UseMinValue>true</UseMinValue>
              <UseMaxValue>true</UseMaxValue>
              <MinValue>0.2</MinValue>
              <MaxValue>2000</MaxValue>
              <Direction>Normal</Direction>
              <WrapLog>None</WrapLog>
            </WellLogGeneralSettingsStyle>
            <WellLog2DLogStyle>
              <Droid>://Slb.GeoscienceWindow.Framework.Core.DataSource.CoreDataSource/Type=Slb.GeoscienceWindow.Wellsection.Plugin.Petrel.Styles.WellLog2DLogStyle&amp;id=f6d86389-9647-4770-bdbe-53ed2f58ced3</Droid>
              <DisplayMode>Line</DisplayMode>
              <LineColorType>Other</LineColorType>
              <LineColor>-7143169</LineColor>
              <LineWidth>1</LineWidth>
              <LineType>Solid</LineType>
              <BlockCurve>NONE</BlockCurve>
              <PointColorType>Black</PointColorType>
              <PointColor>-65536</PointColor>
              <PointsSize>5</PointsSize>
              <PointsSymbol>Circle</PointsSymbol>
              <DictionaryBorder>true</DictionaryBorder>
              <DictionaryColorFill>true</DictionaryColorFill>
              <DictionaryPattern>false</DictionaryPattern>
              <DictionaryText>true</DictionaryText>
              <UseAutoSettingForWrap>true</UseAutoSettingForWrap>
              <MinWrapColorType>Black</MinWrapColorType>
              <MinWrapColor>-16777216</MinWrapColor>
              <MinWrapStyle>Dotted</MinWrapStyle>
              <MinWrapWidth>1</MinWrapWidth>
              <MaxWrapColorType>Black</MaxWrapColorType>
              <MaxWrapColor>-16777216</MaxWrapColor>
              <MaxWrapWidth>1</MaxWrapWidth>
              <MaxWrapStyle>Dotted</MaxWrapStyle>
              <MinWrapFillColorType>None</MinWrapFillColorType>
              <MinWrapFillColor>16777215</MinWrapFillColor>
              <MaxWrapFillColorType>None</MaxWrapFillColorType>
              <MaxWrapFillColor>16777215</MaxWrapFillColor>
            </WellLog2DLogStyle>
          </Styles>
          <CustomAttributes />
        </LogFormatTemplate>
      </Children>
      <CustomAttributes />
    </DataTrackFormatTemplate>
    <DataTrackFormatTemplate>
      <Droid>://Slb.GeoscienceWindow.Framework.Core.DataSource.CoreDataSource/Type=Slb.GeoscienceWindow.Wellsection.Core.Templates.DataTrackFormatTemplate&amp;id=977f1cd3-9d32-4138-8611-efbfc04b2dcd</Droid>
      <Name>Density/Neutron/Bulk density correction</Name>
      <Enabled>true</Enabled>
      <NeedToAutoRefreshCandidateList>true</NeedToAutoRefreshCandidateList>
      <AllowedParentTypes>
        <AllowedParentType>BoreholeRootFormatTemplateNode</AllowedParentType>
        <AllowedParentType>DeviatedRootFormatTemplate</AllowedParentType>
      </AllowedParentTypes>
      <Styles>
        <TemplateInfoStyle>
          <Droid>://Slb.GeoscienceWindow.Framework.Core.DataSource.CoreDataSource/Type=Slb.GeoscienceWindow.Wellsection.Core.Styles.TemplateInfoStyle&amp;id=6385f360-c6a6-41f5-ae2e-8784ef61120c</Droid>
          <UseAutomaticNamingTag>true</UseAutomaticNamingTag>
          <NameTag>Undef</NameTag>
        </TemplateInfoStyle>
        <TrackSettingsStyle>
          <Droid>://Slb.GeoscienceWindow.Framework.Core.DataSource.CoreDataSource/Type=Slb.GeoscienceWindow.Wellsection.Core.Styles.TrackSettingsStyle&amp;id=4298824f-5a1a-41dc-b3ed-059c556f74a6</Droid>
          <IsDiscreteTrack>false</IsDiscreteTrack>
          <UseTrackWidth>true</UseTrackWidth>
          <TrackWidth>25</TrackWidth>
          <TrackWidthLocked>false</TrackWidthLocked>
          <GridlineType>Linear</GridlineType>
          <ValueLabelType>Cumulative</ValueLabelType>
          <AllowValueLabelOption>false</AllowValueLabelOption>
          <ShowValueLabels>true</ShowValueLabels>
          <UseVerticalLines>true</UseVerticalLines>
          <VerticalLineSpacingType>Auto</VerticalLineSpacingType>
          <VerticalLineIncrement>10</VerticalLineIncrement>
          <VerticalLineDivisions>5</VerticalLineDivisions>
          <UseMajorHorizontalLines>true</UseMajorHorizontalLines>
          <UseMinorHorizontalLines>false</UseMinorHorizontalLines>
          <UseBorderLines>true</UseBorderLines>
          <LineColor>-16777216</LineColor>
          <LineWidth>1</LineWidth>
          <BackgroundColor>-1</BackgroundColor>
          <BackgroundTransparency>0</BackgroundTransparency>
          <EndValue>1</EndValue>
          <DecadeCount>1</DecadeCount>
          <LogScale>1</LogScale>
          <UseMinorLogarithmicVerticalLines>true</UseMinorLogarithmicVerticalLines>
          <LimitMinorLogarithmicVerticalLines>true</LimitMinorLogarithmicVerticalLines>
        </TrackSettingsStyle>
        <CurveFillStyle>
          <Droid>://Slb.GeoscienceWindow.Framework.Core.DataSource.CoreDataSource/Type=Slb.GeoscienceWindow.Wellsection.Core.Styles.CurveFillStyle&amp;id=11c03808-f779-48c7-8a28-9b9481696880</Droid>
          <CurveFillStyleItems />
        </CurveFillStyle>
      </Styles>
      <Children>
        <LogFormatTemplate>
          <Droid>://Slb.GeoscienceWindow.Framework.Core.DataSource.CoreDataSource/Type=Slb.GeoscienceWindow.Wellsection.Plugin.Petrel.Templates.LogFormatTemplate&amp;id=8e76b45d-4388-4cef-96f3-a75f18ff9b32</Droid>
          <Name>Density</Name>
          <Enabled>true</Enabled>
          <NeedToAutoRefreshCandidateList>true</NeedToAutoRefreshCandidateList>
          <AllowedParentTypes>
            <AllowedParentType>DataTrackFormatTemplate</AllowedParentType>
          </AllowedParentTypes>
          <Styles>
            <TemplateInfoStyle>
              <Droid>://Slb.GeoscienceWindow.Framework.Core.DataSource.CoreDataSource/Type=Slb.GeoscienceWindow.Wellsection.Core.Styles.TemplateInfoStyle&amp;id=13b02ee2-2eb6-4788-a843-6a0572fc24d1</Droid>
              <UseAutomaticNamingTag>true</UseAutomaticNamingTag>
              <NameTag>Undef</NameTag>
            </TemplateInfoStyle>
            <WellLogTemplateDefinitionStyle>
              <Droid>://Slb.GeoscienceWindow.Framework.Core.DataSource.CoreDataSource/Type=Slb.GeoscienceWindow.Wellsection.Plugin.Petrel.Styles.TemplateDefinition.WellLogTemplateDefinitionStyle&amp;id=46483a88-81cf-4732-87fe-a22c72ab3506</Droid>
              <PrimaryDomainObject>V=1&amp;Template.Droid=%3A%2F%2F1d9a2dd1-dd1d-4676-a92e-6057e64d33c2%2F00000037-0000-0000-0000-000000000000&amp;Template.Name=Density</PrimaryDomainObject>
              <SecondaryDomainObject></SecondaryDomainObject>
              <TertiaryDomainObject></TertiaryDomainObject>
              <IsTertiaryCheckBoxChecked>false</IsTertiaryCheckBoxChecked>
              <FilterString></FilterString>
              <MatchSimilar>false</MatchSimilar>
              <IsCreatedFromTemplatePage>true</IsCreatedFromTemplatePage>
              <DefinitionEntries />
            </WellLogTemplateDefinitionStyle>
            <WellLogGeneralSettingsStyle>
              <Droid>://Slb.GeoscienceWindow.Framework.Core.DataSource.CoreDataSource/Type=Slb.GeoscienceWindow.Wellsection.Plugin.Petrel.Styles.WellLogGeneralSettingsStyle&amp;id=c1464fcb-5405-44a4-995e-2b0b36ec8813</Droid>
              <CurveLimitMethod>Auto</CurveLimitMethod>
              <UseMinValue>true</UseMinValue>
              <UseMaxValue>true</UseMaxValue>
              <MinValue>1.95</MinValue>
              <MaxValue>2.95</MaxValue>
              <Direction>Normal</Direction>
              <WrapLog>None</WrapLog>
            </WellLogGeneralSettingsStyle>
            <WellLog2DLogStyle>
              <Droid>://Slb.GeoscienceWindow.Framework.Core.DataSource.CoreDataSource/Type=Slb.GeoscienceWindow.Wellsection.Plugin.Petrel.Styles.WellLog2DLogStyle&amp;id=c433c921-d79a-4cfe-964f-6363a6b9d93b</Droid>
              <DisplayMode>Line</DisplayMode>
              <LineColorType>Other</LineColorType>
              <LineColor>-65536</LineColor>
              <LineWidth>1</LineWidth>
              <LineType>Solid</LineType>
              <BlockCurve>NONE</BlockCurve>
              <PointColorType>Black</PointColorType>
              <PointColor>-65536</PointColor>
              <PointsSize>5</PointsSize>
              <PointsSymbol>Circle</PointsSymbol>
              <DictionaryBorder>true</DictionaryBorder>
              <DictionaryColorFill>true</DictionaryColorFill>
              <DictionaryPattern>false</DictionaryPattern>
              <DictionaryText>true</DictionaryText>
              <UseAutoSettingForWrap>true</UseAutoSettingForWrap>
              <MinWrapColorType>Black</MinWrapColorType>
              <MinWrapColor>-16777216</MinWrapColor>
              <MinWrapStyle>Dotted</MinWrapStyle>
              <MinWrapWidth>1</MinWrapWidth>
              <MaxWrapColorType>Black</MaxWrapColorType>
              <MaxWrapColor>-16777216</MaxWrapColor>
              <MaxWrapWidth>1</MaxWrapWidth>
              <MaxWrapStyle>Dotted</MaxWrapStyle>
              <MinWrapFillColorType>None</MinWrapFillColorType>
              <MinWrapFillColor>16777215</MinWrapFillColor>
              <MaxWrapFillColorType>None</MaxWrapFillColorType>
              <MaxWrapFillColor>16777215</MaxWrapFillColor>
            </WellLog2DLogStyle>
          </Styles>
          <CustomAttributes />
        </LogFormatTemplate>
        <LogFormatTemplate>
          <Droid>://Slb.GeoscienceWindow.Framework.Core.DataSource.CoreDataSource/Type=Slb.GeoscienceWindow.Wellsection.Plugin.Petrel.Templates.LogFormatTemplate&amp;id=6cc183a7-85a5-4914-81b6-14be1e13b43d</Droid>
          <Name>Neutron</Name>
          <Enabled>true</Enabled>
          <NeedToAutoRefreshCandidateList>true</NeedToAutoRefreshCandidateList>
          <AllowedParentTypes>
            <AllowedParentType>DataTrackFormatTemplate</AllowedParentType>
          </AllowedParentTypes>
          <Styles>
            <TemplateInfoStyle>
              <Droid>://Slb.GeoscienceWindow.Framework.Core.DataSource.CoreDataSource/Type=Slb.GeoscienceWindow.Wellsection.Core.Styles.TemplateInfoStyle&amp;id=728334e8-db06-4372-a6e7-11bb39820fa1</Droid>
              <UseAutomaticNamingTag>true</UseAutomaticNamingTag>
              <NameTag>Undef</NameTag>
            </TemplateInfoStyle>
            <WellLogTemplateDefinitionStyle>
              <Droid>://Slb.GeoscienceWindow.Framework.Core.DataSource.CoreDataSource/Type=Slb.GeoscienceWindow.Wellsection.Plugin.Petrel.Styles.TemplateDefinition.WellLogTemplateDefinitionStyle&amp;id=387f3586-d66a-4c99-90e7-1b57120a59b2</Droid>
              <PrimaryDomainObject>V=1&amp;Template.Droid=%3A%2F%2F1d9a2dd1-dd1d-4676-a92e-6057e64d33c2%2F00000035-0000-0000-0000-000000000000&amp;Template.Name=Neutron</PrimaryDomainObject>
              <SecondaryDomainObject></SecondaryDomainObject>
              <TertiaryDomainObject></TertiaryDomainObject>
              <IsTertiaryCheckBoxChecked>false</IsTertiaryCheckBoxChecked>
              <FilterString></FilterString>
              <MatchSimilar>false</MatchSimilar>
              <IsCreatedFromTemplatePage>true</IsCreatedFromTemplatePage>
              <DefinitionEntries />
            </WellLogTemplateDefinitionStyle>
            <WellLogGeneralSettingsStyle>
              <Droid>://Slb.GeoscienceWindow.Framework.Core.DataSource.CoreDataSource/Type=Slb.GeoscienceWindow.Wellsection.Plugin.Petrel.Styles.WellLogGeneralSettingsStyle&amp;id=cb8f67e1-d6fa-4105-b117-f52695e17ee2</Droid>
              <CurveLimitMethod>Auto</CurveLimitMethod>
              <UseMinValue>true</UseMinValue>
              <UseMaxValue>true</UseMaxValue>
              <MinValue>-0.15</MinValue>
              <MaxValue>0.45</MaxValue>
              <Direction>Reverse</Direction>
              <WrapLog>None</WrapLog>
            </WellLogGeneralSettingsStyle>
            <WellLog2DLogStyle>
              <Droid>://Slb.GeoscienceWindow.Framework.Core.DataSource.CoreDataSource/Type=Slb.GeoscienceWindow.Wellsection.Plugin.Petrel.Styles.WellLog2DLogStyle&amp;id=60ae0438-29ac-4eae-a1fe-9848b97c3678</Droid>
              <DisplayMode>Line</DisplayMode>
              <LineColorType>Other</LineColorType>
              <LineColor>-16724992</LineColor>
              <LineWidth>1</LineWidth>
              <LineType>Solid</LineType>
              <BlockCurve>NONE</BlockCurve>
              <PointColorType>Black</PointColorType>
              <PointColor>-65536</PointColor>
              <PointsSize>5</PointsSize>
              <PointsSymbol>Circle</PointsSymbol>
              <DictionaryBorder>true</DictionaryBorder>
              <DictionaryColorFill>true</DictionaryColorFill>
              <DictionaryPattern>false</DictionaryPattern>
              <DictionaryText>true</DictionaryText>
              <UseAutoSettingForWrap>true</UseAutoSettingForWrap>
              <MinWrapColorType>Black</MinWrapColorType>
              <MinWrapColor>-16777216</MinWrapColor>
              <MinWrapStyle>Dotted</MinWrapStyle>
              <MinWrapWidth>1</MinWrapWidth>
              <MaxWrapColorType>Black</MaxWrapColorType>
              <MaxWrapColor>-16777216</MaxWrapColor>
              <MaxWrapWidth>1</MaxWrapWidth>
              <MaxWrapStyle>Dotted</MaxWrapStyle>
              <MinWrapFillColorType>None</MinWrapFillColorType>
              <MinWrapFillColor>16777215</MinWrapFillColor>
              <MaxWrapFillColorType>None</MaxWrapFillColorType>
              <MaxWrapFillColor>16777215</MaxWrapFillColor>
            </WellLog2DLogStyle>
          </Styles>
          <CustomAttributes />
        </LogFormatTemplate>
        <LogFormatTemplate>
          <Droid>://Slb.GeoscienceWindow.Framework.Core.DataSource.CoreDataSource/Type=Slb.GeoscienceWindow.Wellsection.Plugin.Petrel.Templates.LogFormatTemplate&amp;id=e93dbf9e-e210-4efc-81ad-a81de61b65bc</Droid>
          <Name>Bulk density correction</Name>
          <Enabled>true</Enabled>
          <NeedToAutoRefreshCandidateList>true</NeedToAutoRefreshCandidateList>
          <AllowedParentTypes>
            <AllowedParentType>DataTrackFormatTemplate</AllowedParentType>
          </AllowedParentTypes>
          <Styles>
            <TemplateInfoStyle>
              <Droid>://Slb.GeoscienceWindow.Framework.Core.DataSource.CoreDataSource/Type=Slb.GeoscienceWindow.Wellsection.Core.Styles.TemplateInfoStyle&amp;id=9e5ab9d1-0b05-475e-b6d5-38945699538b</Droid>
              <UseAutomaticNamingTag>true</UseAutomaticNamingTag>
              <NameTag>Undef</NameTag>
            </TemplateInfoStyle>
            <WellLogTemplateDefinitionStyle>
              <Droid>://Slb.GeoscienceWindow.Framework.Core.DataSource.CoreDataSource/Type=Slb.GeoscienceWindow.Wellsection.Plugin.Petrel.Styles.TemplateDefinition.WellLogTemplateDefinitionStyle&amp;id=b7e6a160-15ec-402d-a0db-58bfdca6356a</Droid>
              <PrimaryDomainObject>V=1&amp;Template.Droid=%3A%2F%2F1d9a2dd1-dd1d-4676-a92e-6057e64d33c2%2F00000184-0000-0000-0000-000000000000&amp;Template.Name=Bulk%20density%20correction</PrimaryDomainObject>
              <SecondaryDomainObject></SecondaryDomainObject>
              <TertiaryDomainObject></TertiaryDomainObject>
              <IsTertiaryCheckBoxChecked>false</IsTertiaryCheckBoxChecked>
              <FilterString></FilterString>
              <MatchSimilar>false</MatchSimilar>
              <IsCreatedFromTemplatePage>true</IsCreatedFromTemplatePage>
              <DefinitionEntries />
            </WellLogTemplateDefinitionStyle>
            <WellLogGeneralSettingsStyle>
              <Droid>://Slb.GeoscienceWindow.Framework.Core.DataSource.CoreDataSource/Type=Slb.GeoscienceWindow.Wellsection.Plugin.Petrel.Styles.WellLogGeneralSettingsStyle&amp;id=395d90b5-f7c8-4ffe-884e-331f990e0d51</Droid>
              <CurveLimitMethod>Auto</CurveLimitMethod>
              <UseMinValue>true</UseMinValue>
              <UseMaxValue>true</UseMaxValue>
              <MinValue>1.95</MinValue>
              <MaxValue>2.95</MaxValue>
              <Direction>Normal</Direction>
              <WrapLog>None</WrapLog>
            </WellLogGeneralSettingsStyle>
            <WellLog2DLogStyle>
              <Droid>://Slb.GeoscienceWindow.Framework.Core.DataSource.CoreDataSource/Type=Slb.GeoscienceWindow.Wellsection.Plugin.Petrel.Styles.WellLog2DLogStyle&amp;id=6588d465-fd06-4b56-8633-e94e2a13a736</Droid>
              <DisplayMode>Line</DisplayMode>
              <LineColorType>Black</LineColorType>
              <LineColor>-65536</LineColor>
              <LineWidth>1</LineWidth>
              <LineType>Solid</LineType>
              <BlockCurve>NONE</BlockCurve>
              <PointColorType>Black</PointColorType>
              <PointColor>-65536</PointColor>
              <PointsSize>5</PointsSize>
              <PointsSymbol>Circle</PointsSymbol>
              <DictionaryBorder>true</DictionaryBorder>
              <DictionaryColorFill>true</DictionaryColorFill>
              <DictionaryPattern>false</DictionaryPattern>
              <DictionaryText>true</DictionaryText>
              <UseAutoSettingForWrap>true</UseAutoSettingForWrap>
              <MinWrapColorType>Black</MinWrapColorType>
              <MinWrapColor>-16777216</MinWrapColor>
              <MinWrapStyle>Dotted</MinWrapStyle>
              <MinWrapWidth>1</MinWrapWidth>
              <MaxWrapColorType>Black</MaxWrapColorType>
              <MaxWrapColor>-16777216</MaxWrapColor>
              <MaxWrapWidth>1</MaxWrapWidth>
              <MaxWrapStyle>Dotted</MaxWrapStyle>
              <MinWrapFillColorType>None</MinWrapFillColorType>
              <MinWrapFillColor>16777215</MinWrapFillColor>
              <MaxWrapFillColorType>None</MaxWrapFillColorType>
              <MaxWrapFillColor>16777215</MaxWrapFillColor>
            </WellLog2DLogStyle>
          </Styles>
          <CustomAttributes />
        </LogFormatTemplate>
      </Children>
      <CustomAttributes />
    </DataTrackFormatTemplate>
  </BoreholeTemplateItems>
  <WellsectionTemplateItems />
  <CorrelationTemplateItems />
  <DeviatedTemplateItems />
  <Color>LightBlue</Color>
  <Comment>Well section template</Comment>
</FormatTemplate>