﻿<?xml version="1.0" encoding="utf-8" standalone="yes"?>
<FormatTemplate>
  <Droid>://Slb.GeoscienceWindow.Framework.Core.DataSource.CoreDataSource/Type=Slb.GeoscienceWindow.Framework.Core.Templates.FormatTemplate&amp;id=8f2ff43d-195d-4057-b78f-0ea78948a767</Droid>
  <ApplicationName>Petrel</ApplicationName>
  <FrameworkVersion>2016.1</FrameworkVersion>
  <Name>Resistivity sonic</Name>
  <LastModified UtcTicks="636220224000000000" />
  <ModifiedBy>(Made by Petrel)</ModifiedBy>
  <TemplateCollection>://Slb.GeoscienceWindow.Framework.Core.DataSource.CoreDataSource/Type=Slb.GeoscienceWindow.Framework.Core.Templates.FormatTemplateCollection&amp;id=db5317e2-1ae3-42ad-b81d-804de887f28d</TemplateCollection>
  <BoreholeTemplateItems>
    <DataTrackFormatTemplate>
      <Droid>://Slb.GeoscienceWindow.Framework.Core.DataSource.CoreDataSource/Type=Slb.GeoscienceWindow.Wellsection.Core.Templates.DataTrackFormatTemplate&amp;id=26d6ff91-b154-4ce1-9c49-301db0b26e69</Droid>
      <Name>Gamma ray/Caliper/Spontaneous potential</Name>
      <Enabled>true</Enabled>
      <NeedToAutoRefreshCandidateList>true</NeedToAutoRefreshCandidateList>
      <AllowedParentTypes>
        <AllowedParentType>BoreholeRootFormatTemplateNode</AllowedParentType>
        <AllowedParentType>DeviatedRootFormatTemplate</AllowedParentType>
      </AllowedParentTypes>
      <Styles>
        <TemplateInfoStyle>
          <Droid>://Slb.GeoscienceWindow.Framework.Core.DataSource.CoreDataSource/Type=Slb.GeoscienceWindow.Wellsection.Core.Styles.TemplateInfoStyle&amp;id=f73b321e-fcee-46e7-8031-7cdd4f7b44be</Droid>
          <UseAutomaticNamingTag>true</UseAutomaticNamingTag>
          <NameTag>Undef</NameTag>
        </TemplateInfoStyle>
        <TrackSettingsStyle>
          <Droid>://Slb.GeoscienceWindow.Framework.Core.DataSource.CoreDataSource/Type=Slb.GeoscienceWindow.Wellsection.Core.Styles.TrackSettingsStyle&amp;id=975f03e0-c769-4b07-8349-17649ae4d456</Droid>
          <IsDiscreteTrack>false</IsDiscreteTrack>
          <UseTrackWidth>true</UseTrackWidth>
          <TrackWidth>25</TrackWidth>
          <TrackWidthLocked>false</TrackWidthLocked>
          <GridlineType>Linear</GridlineType>
          <ValueLabelType>Cumulative</ValueLabelType>
          <AllowValueLabelOption>false</AllowValueLabelOption>
          <ShowValueLabels>true</ShowValueLabels>
          <UseVerticalLines>true</UseVerticalLines>
          <VerticalLineSpacingType>Auto</VerticalLineSpacingType>
          <VerticalLineIncrement>10</VerticalLineIncrement>
          <VerticalLineDivisions>5</VerticalLineDivisions>
          <UseMajorHorizontalLines>true</UseMajorHorizontalLines>
          <UseMinorHorizontalLines>false</UseMinorHorizontalLines>
          <UseBorderLines>true</UseBorderLines>
          <LineColor>-16777216</LineColor>
          <LineWidth>1</LineWidth>
          <BackgroundColor>-1</BackgroundColor>
          <BackgroundTransparency>0</BackgroundTransparency>
          <EndValue>1</EndValue>
          <DecadeCount>1</DecadeCount>
          <LogScale>1</LogScale>
          <UseMinorLogarithmicVerticalLines>true</UseMinorLogarithmicVerticalLines>
          <LimitMinorLogarithmicVerticalLines>true</LimitMinorLogarithmicVerticalLines>
        </TrackSettingsStyle>
        <CurveFillStyle>
          <Droid>://Slb.GeoscienceWindow.Framework.Core.DataSource.CoreDataSource/Type=Slb.GeoscienceWindow.Wellsection.Core.Styles.CurveFillStyle&amp;id=6cb843a7-67b0-44cd-aa8b-5ab7415ff52a</Droid>
          <CurveFillStyleItems />
        </CurveFillStyle>
      </Styles>
      <Children>
        <LogFormatTemplate>
          <Droid>://Slb.GeoscienceWindow.Framework.Core.DataSource.CoreDataSource/Type=Slb.GeoscienceWindow.Wellsection.Plugin.Petrel.Templates.LogFormatTemplate&amp;id=a4238b3a-4903-4c5c-bd22-9121e1449ce8</Droid>
          <Name>Gamma ray</Name>
          <Enabled>true</Enabled>
          <NeedToAutoRefreshCandidateList>true</NeedToAutoRefreshCandidateList>
          <AllowedParentTypes>
            <AllowedParentType>DataTrackFormatTemplate</AllowedParentType>
          </AllowedParentTypes>
          <Styles>
            <TemplateInfoStyle>
              <Droid>://Slb.GeoscienceWindow.Framework.Core.DataSource.CoreDataSource/Type=Slb.GeoscienceWindow.Wellsection.Core.Styles.TemplateInfoStyle&amp;id=1f466819-e23a-4078-b7cf-3f3d8f271841</Droid>
              <UseAutomaticNamingTag>true</UseAutomaticNamingTag>
              <NameTag>Undef</NameTag>
            </TemplateInfoStyle>
            <WellLogTemplateDefinitionStyle>
              <Droid>://Slb.GeoscienceWindow.Framework.Core.DataSource.CoreDataSource/Type=Slb.GeoscienceWindow.Wellsection.Plugin.Petrel.Styles.TemplateDefinition.WellLogTemplateDefinitionStyle&amp;id=04d41dc8-81e7-48c0-858c-871491375c12</Droid>
              <PrimaryDomainObject>V=1&amp;Template.Droid=%3A%2F%2F1d9a2dd1-dd1d-4676-a92e-6057e64d33c2%2F00000032-0000-0000-0000-000000000000&amp;Template.Name=Gamma%20ray</PrimaryDomainObject>
              <SecondaryDomainObject></SecondaryDomainObject>
              <TertiaryDomainObject></TertiaryDomainObject>
              <IsTertiaryCheckBoxChecked>false</IsTertiaryCheckBoxChecked>
              <FilterString></FilterString>
              <MatchSimilar>false</MatchSimilar>
              <IsCreatedFromTemplatePage>true</IsCreatedFromTemplatePage>
              <DefinitionEntries />
            </WellLogTemplateDefinitionStyle>
            <WellLogGeneralSettingsStyle>
              <Droid>://Slb.GeoscienceWindow.Framework.Core.DataSource.CoreDataSource/Type=Slb.GeoscienceWindow.Wellsection.Plugin.Petrel.Styles.WellLogGeneralSettingsStyle&amp;id=831fff59-8c18-42af-a269-766bd91034ff</Droid>
              <CurveLimitMethod>Auto</CurveLimitMethod>
              <UseMinValue>true</UseMinValue>
              <UseMaxValue>true</UseMaxValue>
              <MinValue>0</MinValue>
              <MaxValue>150</MaxValue>
              <Direction>Normal</Direction>
              <WrapLog>None</WrapLog>
            </WellLogGeneralSettingsStyle>
            <WellLog2DLogStyle>
              <Droid>://Slb.GeoscienceWindow.Framework.Core.DataSource.CoreDataSource/Type=Slb.GeoscienceWindow.Wellsection.Plugin.Petrel.Styles.WellLog2DLogStyle&amp;id=3090ef58-dd4a-4f7d-a2e4-f3b1d8d6b10c</Droid>
              <DisplayMode>Line</DisplayMode>
              <LineColorType>Other</LineColorType>
              <LineColor>-16724992</LineColor>
              <LineWidth>1</LineWidth>
              <LineType>Solid</LineType>
              <BlockCurve>NONE</BlockCurve>
              <PointColorType>Black</PointColorType>
              <PointColor>-65536</PointColor>
              <PointsSize>5</PointsSize>
              <PointsSymbol>Circle</PointsSymbol>
              <DictionaryBorder>true</DictionaryBorder>
              <DictionaryColorFill>true</DictionaryColorFill>
              <DictionaryPattern>false</DictionaryPattern>
              <DictionaryText>true</DictionaryText>
              <UseAutoSettingForWrap>true</UseAutoSettingForWrap>
              <MinWrapColorType>Black</MinWrapColorType>
              <MinWrapColor>-16777216</MinWrapColor>
              <MinWrapStyle>Dotted</MinWrapStyle>
              <MinWrapWidth>1</MinWrapWidth>
              <MaxWrapColorType>Black</MaxWrapColorType>
              <MaxWrapColor>-16777216</MaxWrapColor>
              <MaxWrapWidth>1</MaxWrapWidth>
              <MaxWrapStyle>Dotted</MaxWrapStyle>
              <MinWrapFillColorType>None</MinWrapFillColorType>
              <MinWrapFillColor>16777215</MinWrapFillColor>
              <MaxWrapFillColorType>None</MaxWrapFillColorType>
              <MaxWrapFillColor>16777215</MaxWrapFillColor>
            </WellLog2DLogStyle>
          </Styles>
          <CustomAttributes />
        </LogFormatTemplate>
        <LogFormatTemplate>
          <Droid>://Slb.GeoscienceWindow.Framework.Core.DataSource.CoreDataSource/Type=Slb.GeoscienceWindow.Wellsection.Plugin.Petrel.Templates.LogFormatTemplate&amp;id=f35422f7-a40c-4447-8a7a-d07a7474b583</Droid>
          <Name>Caliper</Name>
          <Enabled>true</Enabled>
          <NeedToAutoRefreshCandidateList>true</NeedToAutoRefreshCandidateList>
          <AllowedParentTypes>
            <AllowedParentType>DataTrackFormatTemplate</AllowedParentType>
          </AllowedParentTypes>
          <Styles>
            <TemplateInfoStyle>
              <Droid>://Slb.GeoscienceWindow.Framework.Core.DataSource.CoreDataSource/Type=Slb.GeoscienceWindow.Wellsection.Core.Styles.TemplateInfoStyle&amp;id=9855e169-6faa-4d08-a24a-820f0e7f3d69</Droid>
              <UseAutomaticNamingTag>true</UseAutomaticNamingTag>
              <NameTag>Undef</NameTag>
            </TemplateInfoStyle>
            <WellLogTemplateDefinitionStyle>
              <Droid>://Slb.GeoscienceWindow.Framework.Core.DataSource.CoreDataSource/Type=Slb.GeoscienceWindow.Wellsection.Plugin.Petrel.Styles.TemplateDefinition.WellLogTemplateDefinitionStyle&amp;id=76739796-7911-44fc-836b-6fea9b216167</Droid>
              <PrimaryDomainObject>V=1&amp;Template.Droid=%3A%2F%2F1d9a2dd1-dd1d-4676-a92e-6057e64d33c2%2F0000003b-0000-0000-0000-000000000000&amp;Template.Name=Caliper</PrimaryDomainObject>
              <SecondaryDomainObject></SecondaryDomainObject>
              <TertiaryDomainObject></TertiaryDomainObject>
              <IsTertiaryCheckBoxChecked>false</IsTertiaryCheckBoxChecked>
              <FilterString></FilterString>
              <MatchSimilar>false</MatchSimilar>
              <IsCreatedFromTemplatePage>true</IsCreatedFromTemplatePage>
              <DefinitionEntries />
            </WellLogTemplateDefinitionStyle>
            <WellLogGeneralSettingsStyle>
              <Droid>://Slb.GeoscienceWindow.Framework.Core.DataSource.CoreDataSource/Type=Slb.GeoscienceWindow.Wellsection.Plugin.Petrel.Styles.WellLogGeneralSettingsStyle&amp;id=37da263f-03b3-4f8c-ba64-ef240f8c375c</Droid>
              <CurveLimitMethod>Auto</CurveLimitMethod>
              <UseMinValue>true</UseMinValue>
              <UseMaxValue>true</UseMaxValue>
              <MinValue>4</MinValue>
              <MaxValue>14</MaxValue>
              <Direction>Normal</Direction>
              <WrapLog>None</WrapLog>
            </WellLogGeneralSettingsStyle>
            <WellLog2DLogStyle>
              <Droid>://Slb.GeoscienceWindow.Framework.Core.DataSource.CoreDataSource/Type=Slb.GeoscienceWindow.Wellsection.Plugin.Petrel.Styles.WellLog2DLogStyle&amp;id=33b93276-5ebe-43f4-b9fd-73afa2892f0b</Droid>
              <DisplayMode>Line</DisplayMode>
              <LineColorType>Other</LineColorType>
              <LineColor>-16776961</LineColor>
              <LineWidth>1</LineWidth>
              <LineType>Solid</LineType>
              <BlockCurve>NONE</BlockCurve>
              <PointColorType>Black</PointColorType>
              <PointColor>-65536</PointColor>
              <PointsSize>5</PointsSize>
              <PointsSymbol>Circle</PointsSymbol>
              <DictionaryBorder>true</DictionaryBorder>
              <DictionaryColorFill>true</DictionaryColorFill>
              <DictionaryPattern>false</DictionaryPattern>
              <DictionaryText>true</DictionaryText>
              <UseAutoSettingForWrap>true</UseAutoSettingForWrap>
              <MinWrapColorType>Black</MinWrapColorType>
              <MinWrapColor>-16777216</MinWrapColor>
              <MinWrapStyle>Dotted</MinWrapStyle>
              <MinWrapWidth>1</MinWrapWidth>
              <MaxWrapColorType>Black</MaxWrapColorType>
              <MaxWrapColor>-16777216</MaxWrapColor>
              <MaxWrapWidth>1</MaxWrapWidth>
              <MaxWrapStyle>Dotted</MaxWrapStyle>
              <MinWrapFillColorType>None</MinWrapFillColorType>
              <MinWrapFillColor>16777215</MinWrapFillColor>
              <MaxWrapFillColorType>None</MaxWrapFillColorType>
              <MaxWrapFillColor>16777215</MaxWrapFillColor>
            </WellLog2DLogStyle>
          </Styles>
          <CustomAttributes />
        </LogFormatTemplate>
        <LogFormatTemplate>
          <Droid>://Slb.GeoscienceWindow.Framework.Core.DataSource.CoreDataSource/Type=Slb.GeoscienceWindow.Wellsection.Plugin.Petrel.Templates.LogFormatTemplate&amp;id=550d0424-4fe5-4d20-b87d-0ae2a8730ac5</Droid>
          <Name>Spontaneous potential</Name>
          <Enabled>true</Enabled>
          <NeedToAutoRefreshCandidateList>true</NeedToAutoRefreshCandidateList>
          <AllowedParentTypes>
            <AllowedParentType>DataTrackFormatTemplate</AllowedParentType>
          </AllowedParentTypes>
          <Styles>
            <TemplateInfoStyle>
              <Droid>://Slb.GeoscienceWindow.Framework.Core.DataSource.CoreDataSource/Type=Slb.GeoscienceWindow.Wellsection.Core.Styles.TemplateInfoStyle&amp;id=f82fee49-7172-417f-97bd-dfe6d70496d7</Droid>
              <UseAutomaticNamingTag>true</UseAutomaticNamingTag>
              <NameTag>Undef</NameTag>
            </TemplateInfoStyle>
            <WellLogTemplateDefinitionStyle>
              <Droid>://Slb.GeoscienceWindow.Framework.Core.DataSource.CoreDataSource/Type=Slb.GeoscienceWindow.Wellsection.Plugin.Petrel.Styles.TemplateDefinition.WellLogTemplateDefinitionStyle&amp;id=791c7aaf-e04b-47ca-8dbb-b313d6be452a</Droid>
              <PrimaryDomainObject>V=1&amp;Template.Droid=%3A%2F%2F1d9a2dd1-dd1d-4676-a92e-6057e64d33c2%2F00000039-0000-0000-0000-000000000000&amp;Template.Name=Spontaneous%20potential</PrimaryDomainObject>
              <SecondaryDomainObject></SecondaryDomainObject>
              <TertiaryDomainObject></TertiaryDomainObject>
              <IsTertiaryCheckBoxChecked>false</IsTertiaryCheckBoxChecked>
              <FilterString></FilterString>
              <MatchSimilar>false</MatchSimilar>
              <IsCreatedFromTemplatePage>true</IsCreatedFromTemplatePage>
              <DefinitionEntries />
            </WellLogTemplateDefinitionStyle>
            <WellLogGeneralSettingsStyle>
              <Droid>://Slb.GeoscienceWindow.Framework.Core.DataSource.CoreDataSource/Type=Slb.GeoscienceWindow.Wellsection.Plugin.Petrel.Styles.WellLogGeneralSettingsStyle&amp;id=e1d7260d-dedc-4491-97fb-ec8ceed01d4c</Droid>
              <CurveLimitMethod>Auto</CurveLimitMethod>
              <UseMinValue>true</UseMinValue>
              <UseMaxValue>true</UseMaxValue>
              <MinValue>-100</MinValue>
              <MaxValue>0</MaxValue>
              <Direction>Normal</Direction>
              <WrapLog>None</WrapLog>
            </WellLogGeneralSettingsStyle>
            <WellLog2DLogStyle>
              <Droid>://Slb.GeoscienceWindow.Framework.Core.DataSource.CoreDataSource/Type=Slb.GeoscienceWindow.Wellsection.Plugin.Petrel.Styles.WellLog2DLogStyle&amp;id=e73c2433-ed84-42a0-85d7-d23e48815303</Droid>
              <DisplayMode>Line</DisplayMode>
              <LineColorType>Black</LineColorType>
              <LineColor>-65536</LineColor>
              <LineWidth>1</LineWidth>
              <LineType>Solid</LineType>
              <BlockCurve>NONE</BlockCurve>
              <PointColorType>Black</PointColorType>
              <PointColor>-65536</PointColor>
              <PointsSize>5</PointsSize>
              <PointsSymbol>Circle</PointsSymbol>
              <DictionaryBorder>true</DictionaryBorder>
              <DictionaryColorFill>true</DictionaryColorFill>
              <DictionaryPattern>false</DictionaryPattern>
              <DictionaryText>true</DictionaryText>
              <UseAutoSettingForWrap>true</UseAutoSettingForWrap>
              <MinWrapColorType>Black</MinWrapColorType>
              <MinWrapColor>-16777216</MinWrapColor>
              <MinWrapStyle>Dotted</MinWrapStyle>
              <MinWrapWidth>1</MinWrapWidth>
              <MaxWrapColorType>Black</MaxWrapColorType>
              <MaxWrapColor>-16777216</MaxWrapColor>
              <MaxWrapWidth>1</MaxWrapWidth>
              <MaxWrapStyle>Dotted</MaxWrapStyle>
              <MinWrapFillColorType>None</MinWrapFillColorType>
              <MinWrapFillColor>16777215</MinWrapFillColor>
              <MaxWrapFillColorType>None</MaxWrapFillColorType>
              <MaxWrapFillColor>16777215</MaxWrapFillColor>
            </WellLog2DLogStyle>
          </Styles>
          <CustomAttributes />
        </LogFormatTemplate>
      </Children>
      <CustomAttributes />
    </DataTrackFormatTemplate>
    <IndexFormatTemplate>
      <Droid>://Slb.GeoscienceWindow.Framework.Core.DataSource.CoreDataSource/Type=Slb.GeoscienceWindow.Wellsection.Plugin.Petrel.Templates.IndexFormatTemplate&amp;id=ebf02656-5099-4a1c-a380-bc2c1efe1c28</Droid>
      <Name>Index track</Name>
      <Enabled>true</Enabled>
      <NeedToAutoRefreshCandidateList>true</NeedToAutoRefreshCandidateList>
      <AllowedParentTypes>
        <AllowedParentType>BoreholeRootFormatTemplateNode</AllowedParentType>
        <AllowedParentType>DeviatedRootFormatTemplate</AllowedParentType>
      </AllowedParentTypes>
      <Styles>
        <IndexTrackStyle>
          <Droid>://Slb.GeoscienceWindow.Framework.Core.DataSource.CoreDataSource/Type=Slb.GeoscienceWindow.Wellsection.Core.Styles.IndexTrackStyle&amp;id=b9f3fc0e-68be-480f-9e8d-f80f1693d265</Droid>
          <FlattenAuto>true</FlattenAuto>
          <FlattenStyle>Absolute</FlattenStyle>
          <AnnotateAuto>true</AnnotateAuto>
          <AnnotateStyle>Horizontal</AnnotateStyle>
          <AnnotateAngle>-45</AnnotateAngle>
          <TickAuto>true</TickAuto>
          <TickLeft>true</TickLeft>
          <TickRight>true</TickRight>
          <DepthKind>SSTVD</DepthKind>
          <UseTrackWidth>false</UseTrackWidth>
          <UseConstantWidth>false</UseConstantWidth>
          <ConstantWidth>10</ConstantWidth>
          <UseSpecifiedTrackFont>false</UseSpecifiedTrackFont>
          <ConstantFont>8</ConstantFont>
          <UseWellScale>false</UseWellScale>
          <ShowScaleLabel>true</ShowScaleLabel>
          <ShowIndexBorders>true</ShowIndexBorders>
          <MajorIncrementAuto>true</MajorIncrementAuto>
          <MajorIncrementManualValue>100</MajorIncrementManualValue>
          <NumberOfMinorTicks>10</NumberOfMinorTicks>
        </IndexTrackStyle>
      </Styles>
      <CustomAttributes />
    </IndexFormatTemplate>
    <DataTrackFormatTemplate>
      <Droid>://Slb.GeoscienceWindow.Framework.Core.DataSource.CoreDataSource/Type=Slb.GeoscienceWindow.Wellsection.Core.Templates.DataTrackFormatTemplate&amp;id=9743e632-6128-4266-8bfa-916ef6bc01af</Droid>
      <Name>Resistivity, deep/Resistivity, shallow/Micro resistivity</Name>
      <Enabled>true</Enabled>
      <NeedToAutoRefreshCandidateList>true</NeedToAutoRefreshCandidateList>
      <AllowedParentTypes>
        <AllowedParentType>BoreholeRootFormatTemplateNode</AllowedParentType>
        <AllowedParentType>DeviatedRootFormatTemplate</AllowedParentType>
      </AllowedParentTypes>
      <Styles>
        <TemplateInfoStyle>
          <Droid>://Slb.GeoscienceWindow.Framework.Core.DataSource.CoreDataSource/Type=Slb.GeoscienceWindow.Wellsection.Core.Styles.TemplateInfoStyle&amp;id=c1827a17-3f2e-4259-bfa8-93b2056dc037</Droid>
          <UseAutomaticNamingTag>true</UseAutomaticNamingTag>
          <NameTag>Undef</NameTag>
        </TemplateInfoStyle>
        <TrackSettingsStyle>
          <Droid>://Slb.GeoscienceWindow.Framework.Core.DataSource.CoreDataSource/Type=Slb.GeoscienceWindow.Wellsection.Core.Styles.TrackSettingsStyle&amp;id=721dd5c3-2266-4130-9bfe-a4d284d76d4c</Droid>
          <IsDiscreteTrack>false</IsDiscreteTrack>
          <UseTrackWidth>true</UseTrackWidth>
          <TrackWidth>25</TrackWidth>
          <TrackWidthLocked>false</TrackWidthLocked>
          <GridlineType>Logarithmic</GridlineType>
          <ValueLabelType>Cumulative</ValueLabelType>
          <AllowValueLabelOption>false</AllowValueLabelOption>
          <ShowValueLabels>true</ShowValueLabels>
          <UseVerticalLines>true</UseVerticalLines>
          <VerticalLineSpacingType>Auto</VerticalLineSpacingType>
          <VerticalLineIncrement>10</VerticalLineIncrement>
          <VerticalLineDivisions>5</VerticalLineDivisions>
          <UseMajorHorizontalLines>true</UseMajorHorizontalLines>
          <UseMinorHorizontalLines>false</UseMinorHorizontalLines>
          <UseBorderLines>true</UseBorderLines>
          <LineColor>-16777216</LineColor>
          <LineWidth>1</LineWidth>
          <BackgroundColor>-1</BackgroundColor>
          <BackgroundTransparency>0</BackgroundTransparency>
          <EndValue>1</EndValue>
          <DecadeCount>1</DecadeCount>
          <LogScale>1</LogScale>
          <UseMinorLogarithmicVerticalLines>true</UseMinorLogarithmicVerticalLines>
          <LimitMinorLogarithmicVerticalLines>true</LimitMinorLogarithmicVerticalLines>
        </TrackSettingsStyle>
        <CurveFillStyle>
          <Droid>://Slb.GeoscienceWindow.Framework.Core.DataSource.CoreDataSource/Type=Slb.GeoscienceWindow.Wellsection.Core.Styles.CurveFillStyle&amp;id=52710a3f-a28a-49e2-8ad6-31510144ce12</Droid>
          <CurveFillStyleItems />
        </CurveFillStyle>
      </Styles>
      <Children>
        <LogFormatTemplate>
          <Droid>://Slb.GeoscienceWindow.Framework.Core.DataSource.CoreDataSource/Type=Slb.GeoscienceWindow.Wellsection.Plugin.Petrel.Templates.LogFormatTemplate&amp;id=bad81bc4-e974-4cf7-a7d9-3ebd11a9bfc0</Droid>
          <Name>Resistivity, deep</Name>
          <Enabled>true</Enabled>
          <NeedToAutoRefreshCandidateList>true</NeedToAutoRefreshCandidateList>
          <AllowedParentTypes>
            <AllowedParentType>DataTrackFormatTemplate</AllowedParentType>
          </AllowedParentTypes>
          <Styles>
            <TemplateInfoStyle>
              <Droid>://Slb.GeoscienceWindow.Framework.Core.DataSource.CoreDataSource/Type=Slb.GeoscienceWindow.Wellsection.Core.Styles.TemplateInfoStyle&amp;id=ba27a2ca-8f46-4b3d-acee-6ca8bd2c9a02</Droid>
              <UseAutomaticNamingTag>true</UseAutomaticNamingTag>
              <NameTag>Undef</NameTag>
            </TemplateInfoStyle>
            <WellLogTemplateDefinitionStyle>
              <Droid>://Slb.GeoscienceWindow.Framework.Core.DataSource.CoreDataSource/Type=Slb.GeoscienceWindow.Wellsection.Plugin.Petrel.Styles.TemplateDefinition.WellLogTemplateDefinitionStyle&amp;id=d3a17e98-e5b6-4def-84a2-966e7faf1246</Droid>
              <PrimaryDomainObject>V=1&amp;Template.Droid=%3A%2F%2F1d9a2dd1-dd1d-4676-a92e-6057e64d33c2%2F00000122-0000-0000-0000-000000000000&amp;Template.Name=Resistivity%2C%20deep</PrimaryDomainObject>
              <SecondaryDomainObject></SecondaryDomainObject>
              <TertiaryDomainObject></TertiaryDomainObject>
              <IsTertiaryCheckBoxChecked>false</IsTertiaryCheckBoxChecked>
              <FilterString></FilterString>
              <MatchSimilar>false</MatchSimilar>
              <IsCreatedFromTemplatePage>true</IsCreatedFromTemplatePage>
              <DefinitionEntries />
            </WellLogTemplateDefinitionStyle>
            <WellLogGeneralSettingsStyle>
              <Droid>://Slb.GeoscienceWindow.Framework.Core.DataSource.CoreDataSource/Type=Slb.GeoscienceWindow.Wellsection.Plugin.Petrel.Styles.WellLogGeneralSettingsStyle&amp;id=28a48a29-a109-4406-8251-cc7ff595a76a</Droid>
              <CurveLimitMethod>Auto</CurveLimitMethod>
              <UseMinValue>true</UseMinValue>
              <UseMaxValue>true</UseMaxValue>
              <MinValue>0.2</MinValue>
              <MaxValue>2000</MaxValue>
              <Direction>Normal</Direction>
              <WrapLog>None</WrapLog>
            </WellLogGeneralSettingsStyle>
            <WellLog2DLogStyle>
              <Droid>://Slb.GeoscienceWindow.Framework.Core.DataSource.CoreDataSource/Type=Slb.GeoscienceWindow.Wellsection.Plugin.Petrel.Styles.WellLog2DLogStyle&amp;id=dc18780c-94fa-4c31-ab49-11703702928c</Droid>
              <DisplayMode>Line</DisplayMode>
              <LineColorType>Other</LineColorType>
              <LineColor>-65536</LineColor>
              <LineWidth>1</LineWidth>
              <LineType>Solid</LineType>
              <BlockCurve>NONE</BlockCurve>
              <PointColorType>Black</PointColorType>
              <PointColor>-65536</PointColor>
              <PointsSize>5</PointsSize>
              <PointsSymbol>Circle</PointsSymbol>
              <DictionaryBorder>true</DictionaryBorder>
              <DictionaryColorFill>true</DictionaryColorFill>
              <DictionaryPattern>false</DictionaryPattern>
              <DictionaryText>true</DictionaryText>
              <UseAutoSettingForWrap>true</UseAutoSettingForWrap>
              <MinWrapColorType>Black</MinWrapColorType>
              <MinWrapColor>-16777216</MinWrapColor>
              <MinWrapStyle>Dotted</MinWrapStyle>
              <MinWrapWidth>1</MinWrapWidth>
              <MaxWrapColorType>Black</MaxWrapColorType>
              <MaxWrapColor>-16777216</MaxWrapColor>
              <MaxWrapWidth>1</MaxWrapWidth>
              <MaxWrapStyle>Dotted</MaxWrapStyle>
              <MinWrapFillColorType>None</MinWrapFillColorType>
              <MinWrapFillColor>16777215</MinWrapFillColor>
              <MaxWrapFillColorType>None</MaxWrapFillColorType>
              <MaxWrapFillColor>16777215</MaxWrapFillColor>
            </WellLog2DLogStyle>
          </Styles>
          <CustomAttributes />
        </LogFormatTemplate>
        <LogFormatTemplate>
          <Droid>://Slb.GeoscienceWindow.Framework.Core.DataSource.CoreDataSource/Type=Slb.GeoscienceWindow.Wellsection.Plugin.Petrel.Templates.LogFormatTemplate&amp;id=adf07e0f-fe63-4e4a-acba-5bd4fc2dcb62</Droid>
          <Name>Resistivity, shallow</Name>
          <Enabled>true</Enabled>
          <NeedToAutoRefreshCandidateList>true</NeedToAutoRefreshCandidateList>
          <AllowedParentTypes>
            <AllowedParentType>DataTrackFormatTemplate</AllowedParentType>
          </AllowedParentTypes>
          <Styles>
            <TemplateInfoStyle>
              <Droid>://Slb.GeoscienceWindow.Framework.Core.DataSource.CoreDataSource/Type=Slb.GeoscienceWindow.Wellsection.Core.Styles.TemplateInfoStyle&amp;id=ae631f36-d77c-4a83-9afb-64d1837808a3</Droid>
              <UseAutomaticNamingTag>true</UseAutomaticNamingTag>
              <NameTag>Undef</NameTag>
            </TemplateInfoStyle>
            <WellLogTemplateDefinitionStyle>
              <Droid>://Slb.GeoscienceWindow.Framework.Core.DataSource.CoreDataSource/Type=Slb.GeoscienceWindow.Wellsection.Plugin.Petrel.Styles.TemplateDefinition.WellLogTemplateDefinitionStyle&amp;id=eb4322e9-f35d-493d-8ea7-e66861c4ac09</Droid>
              <PrimaryDomainObject>V=1&amp;Template.Droid=%3A%2F%2F1d9a2dd1-dd1d-4676-a92e-6057e64d33c2%2F00000124-0000-0000-0000-000000000000&amp;Template.Name=Resistivity%2C%20shallow</PrimaryDomainObject>
              <SecondaryDomainObject></SecondaryDomainObject>
              <TertiaryDomainObject></TertiaryDomainObject>
              <IsTertiaryCheckBoxChecked>false</IsTertiaryCheckBoxChecked>
              <FilterString></FilterString>
              <MatchSimilar>false</MatchSimilar>
              <IsCreatedFromTemplatePage>true</IsCreatedFromTemplatePage>
              <DefinitionEntries />
            </WellLogTemplateDefinitionStyle>
            <WellLogGeneralSettingsStyle>
              <Droid>://Slb.GeoscienceWindow.Framework.Core.DataSource.CoreDataSource/Type=Slb.GeoscienceWindow.Wellsection.Plugin.Petrel.Styles.WellLogGeneralSettingsStyle&amp;id=c1830d49-06cd-4c9e-99b5-36c222640bab</Droid>
              <CurveLimitMethod>Auto</CurveLimitMethod>
              <UseMinValue>true</UseMinValue>
              <UseMaxValue>true</UseMaxValue>
              <MinValue>0.2</MinValue>
              <MaxValue>2000</MaxValue>
              <Direction>Normal</Direction>
              <WrapLog>None</WrapLog>
            </WellLogGeneralSettingsStyle>
            <WellLog2DLogStyle>
              <Droid>://Slb.GeoscienceWindow.Framework.Core.DataSource.CoreDataSource/Type=Slb.GeoscienceWindow.Wellsection.Plugin.Petrel.Styles.WellLog2DLogStyle&amp;id=209cab94-90ba-436d-964f-20d1dc2e8273</Droid>
              <DisplayMode>Line</DisplayMode>
              <LineColorType>Other</LineColorType>
              <LineColor>-65281</LineColor>
              <LineWidth>1</LineWidth>
              <LineType>Solid</LineType>
              <BlockCurve>NONE</BlockCurve>
              <PointColorType>Black</PointColorType>
              <PointColor>-65536</PointColor>
              <PointsSize>5</PointsSize>
              <PointsSymbol>Circle</PointsSymbol>
              <DictionaryBorder>true</DictionaryBorder>
              <DictionaryColorFill>true</DictionaryColorFill>
              <DictionaryPattern>false</DictionaryPattern>
              <DictionaryText>true</DictionaryText>
              <UseAutoSettingForWrap>true</UseAutoSettingForWrap>
              <MinWrapColorType>Black</MinWrapColorType>
              <MinWrapColor>-16777216</MinWrapColor>
              <MinWrapStyle>Dotted</MinWrapStyle>
              <MinWrapWidth>1</MinWrapWidth>
              <MaxWrapColorType>Black</MaxWrapColorType>
              <MaxWrapColor>-16777216</MaxWrapColor>
              <MaxWrapWidth>1</MaxWrapWidth>
              <MaxWrapStyle>Dotted</MaxWrapStyle>
              <MinWrapFillColorType>None</MinWrapFillColorType>
              <MinWrapFillColor>16777215</MinWrapFillColor>
              <MaxWrapFillColorType>None</MaxWrapFillColorType>
              <MaxWrapFillColor>16777215</MaxWrapFillColor>
            </WellLog2DLogStyle>
          </Styles>
          <CustomAttributes />
        </LogFormatTemplate>
        <LogFormatTemplate>
          <Droid>://Slb.GeoscienceWindow.Framework.Core.DataSource.CoreDataSource/Type=Slb.GeoscienceWindow.Wellsection.Plugin.Petrel.Templates.LogFormatTemplate&amp;id=6cb87f19-8831-477e-a41f-305dfe430b13</Droid>
          <Name>Micro resistivity</Name>
          <Enabled>true</Enabled>
          <NeedToAutoRefreshCandidateList>true</NeedToAutoRefreshCandidateList>
          <AllowedParentTypes>
            <AllowedParentType>DataTrackFormatTemplate</AllowedParentType>
          </AllowedParentTypes>
          <Styles>
            <TemplateInfoStyle>
              <Droid>://Slb.GeoscienceWindow.Framework.Core.DataSource.CoreDataSource/Type=Slb.GeoscienceWindow.Wellsection.Core.Styles.TemplateInfoStyle&amp;id=71d14d0d-1424-43e1-917c-036f63404f01</Droid>
              <UseAutomaticNamingTag>true</UseAutomaticNamingTag>
              <NameTag>Undef</NameTag>
            </TemplateInfoStyle>
            <WellLogTemplateDefinitionStyle>
              <Droid>://Slb.GeoscienceWindow.Framework.Core.DataSource.CoreDataSource/Type=Slb.GeoscienceWindow.Wellsection.Plugin.Petrel.Styles.TemplateDefinition.WellLogTemplateDefinitionStyle&amp;id=e0daa54f-db9a-44a5-97be-6caf48f9062c</Droid>
              <PrimaryDomainObject>V=1&amp;Template.Droid=%3A%2F%2F1d9a2dd1-dd1d-4676-a92e-6057e64d33c2%2F000000f5-0000-0000-0000-000000000000&amp;Template.Name=Micro%20resistivity</PrimaryDomainObject>
              <SecondaryDomainObject></SecondaryDomainObject>
              <TertiaryDomainObject></TertiaryDomainObject>
              <IsTertiaryCheckBoxChecked>false</IsTertiaryCheckBoxChecked>
              <FilterString></FilterString>
              <MatchSimilar>false</MatchSimilar>
              <IsCreatedFromTemplatePage>true</IsCreatedFromTemplatePage>
              <DefinitionEntries />
            </WellLogTemplateDefinitionStyle>
            <WellLogGeneralSettingsStyle>
              <Droid>://Slb.GeoscienceWindow.Framework.Core.DataSource.CoreDataSource/Type=Slb.GeoscienceWindow.Wellsection.Plugin.Petrel.Styles.WellLogGeneralSettingsStyle&amp;id=233a8215-1aa1-4088-9c2d-ccfc87c91631</Droid>
              <CurveLimitMethod>Auto</CurveLimitMethod>
              <UseMinValue>true</UseMinValue>
              <UseMaxValue>true</UseMaxValue>
              <MinValue>0.2</MinValue>
              <MaxValue>2000</MaxValue>
              <Direction>Normal</Direction>
              <WrapLog>None</WrapLog>
            </WellLogGeneralSettingsStyle>
            <WellLog2DLogStyle>
              <Droid>://Slb.GeoscienceWindow.Framework.Core.DataSource.CoreDataSource/Type=Slb.GeoscienceWindow.Wellsection.Plugin.Petrel.Styles.WellLog2DLogStyle&amp;id=96e51d36-741b-46dc-94bf-df0a613f4210</Droid>
              <DisplayMode>Line</DisplayMode>
              <LineColorType>Other</LineColorType>
              <LineColor>-7143169</LineColor>
              <LineWidth>1</LineWidth>
              <LineType>Solid</LineType>
              <BlockCurve>NONE</BlockCurve>
              <PointColorType>Black</PointColorType>
              <PointColor>-65536</PointColor>
              <PointsSize>5</PointsSize>
              <PointsSymbol>Circle</PointsSymbol>
              <DictionaryBorder>true</DictionaryBorder>
              <DictionaryColorFill>true</DictionaryColorFill>
              <DictionaryPattern>false</DictionaryPattern>
              <DictionaryText>true</DictionaryText>
              <UseAutoSettingForWrap>true</UseAutoSettingForWrap>
              <MinWrapColorType>Black</MinWrapColorType>
              <MinWrapColor>-16777216</MinWrapColor>
              <MinWrapStyle>Dotted</MinWrapStyle>
              <MinWrapWidth>1</MinWrapWidth>
              <MaxWrapColorType>Black</MaxWrapColorType>
              <MaxWrapColor>-16777216</MaxWrapColor>
              <MaxWrapWidth>1</MaxWrapWidth>
              <MaxWrapStyle>Dotted</MaxWrapStyle>
              <MinWrapFillColorType>None</MinWrapFillColorType>
              <MinWrapFillColor>16777215</MinWrapFillColor>
              <MaxWrapFillColorType>None</MaxWrapFillColorType>
              <MaxWrapFillColor>16777215</MaxWrapFillColor>
            </WellLog2DLogStyle>
          </Styles>
          <CustomAttributes />
        </LogFormatTemplate>
      </Children>
      <CustomAttributes />
    </DataTrackFormatTemplate>
    <DataTrackFormatTemplate>
      <Droid>://Slb.GeoscienceWindow.Framework.Core.DataSource.CoreDataSource/Type=Slb.GeoscienceWindow.Wellsection.Core.Templates.DataTrackFormatTemplate&amp;id=13423e47-e0ae-446c-9a35-0187248e553b</Droid>
      <Name>Sonic</Name>
      <Enabled>true</Enabled>
      <NeedToAutoRefreshCandidateList>true</NeedToAutoRefreshCandidateList>
      <AllowedParentTypes>
        <AllowedParentType>BoreholeRootFormatTemplateNode</AllowedParentType>
        <AllowedParentType>DeviatedRootFormatTemplate</AllowedParentType>
      </AllowedParentTypes>
      <Styles>
        <TemplateInfoStyle>
          <Droid>://Slb.GeoscienceWindow.Framework.Core.DataSource.CoreDataSource/Type=Slb.GeoscienceWindow.Wellsection.Core.Styles.TemplateInfoStyle&amp;id=dc144a48-8ba3-4cb2-99e1-46f2b993b90d</Droid>
          <UseAutomaticNamingTag>true</UseAutomaticNamingTag>
          <NameTag>Undef</NameTag>
        </TemplateInfoStyle>
        <TrackSettingsStyle>
          <Droid>://Slb.GeoscienceWindow.Framework.Core.DataSource.CoreDataSource/Type=Slb.GeoscienceWindow.Wellsection.Core.Styles.TrackSettingsStyle&amp;id=8ee52f78-f899-4214-8f15-cb42aff76f2d</Droid>
          <IsDiscreteTrack>false</IsDiscreteTrack>
          <UseTrackWidth>false</UseTrackWidth>
          <TrackWidth>25</TrackWidth>
          <TrackWidthLocked>false</TrackWidthLocked>
          <GridlineType>Linear</GridlineType>
          <ValueLabelType>Cumulative</ValueLabelType>
          <AllowValueLabelOption>false</AllowValueLabelOption>
          <ShowValueLabels>true</ShowValueLabels>
          <UseVerticalLines>true</UseVerticalLines>
          <VerticalLineSpacingType>Auto</VerticalLineSpacingType>
          <VerticalLineIncrement>10</VerticalLineIncrement>
          <VerticalLineDivisions>5</VerticalLineDivisions>
          <UseMajorHorizontalLines>true</UseMajorHorizontalLines>
          <UseMinorHorizontalLines>false</UseMinorHorizontalLines>
          <UseBorderLines>true</UseBorderLines>
          <LineColor>-16777216</LineColor>
          <LineWidth>1</LineWidth>
          <BackgroundColor>-1</BackgroundColor>
          <BackgroundTransparency>0</BackgroundTransparency>
          <EndValue>1</EndValue>
          <DecadeCount>1</DecadeCount>
          <LogScale>1</LogScale>
          <UseMinorLogarithmicVerticalLines>true</UseMinorLogarithmicVerticalLines>
          <LimitMinorLogarithmicVerticalLines>true</LimitMinorLogarithmicVerticalLines>
        </TrackSettingsStyle>
        <CurveFillStyle>
          <Droid>://Slb.GeoscienceWindow.Framework.Core.DataSource.CoreDataSource/Type=Slb.GeoscienceWindow.Wellsection.Core.Styles.CurveFillStyle&amp;id=14919eb5-8733-4fe8-9186-091bd78d9a41</Droid>
          <CurveFillStyleItems />
        </CurveFillStyle>
      </Styles>
      <Children>
        <LogFormatTemplate>
          <Droid>://Slb.GeoscienceWindow.Framework.Core.DataSource.CoreDataSource/Type=Slb.GeoscienceWindow.Wellsection.Plugin.Petrel.Templates.LogFormatTemplate&amp;id=42408375-e088-45a3-8556-2140e87c1ec1</Droid>
          <Name>Sonic</Name>
          <Enabled>true</Enabled>
          <NeedToAutoRefreshCandidateList>true</NeedToAutoRefreshCandidateList>
          <AllowedParentTypes>
            <AllowedParentType>DataTrackFormatTemplate</AllowedParentType>
          </AllowedParentTypes>
          <Styles>
            <TemplateInfoStyle>
              <Droid>://Slb.GeoscienceWindow.Framework.Core.DataSource.CoreDataSource/Type=Slb.GeoscienceWindow.Wellsection.Core.Styles.TemplateInfoStyle&amp;id=074ff5be-8cd7-46e8-8ac9-99befedff8ba</Droid>
              <UseAutomaticNamingTag>true</UseAutomaticNamingTag>
              <NameTag>Undef</NameTag>
            </TemplateInfoStyle>
            <WellLogTemplateDefinitionStyle>
              <Droid>://Slb.GeoscienceWindow.Framework.Core.DataSource.CoreDataSource/Type=Slb.GeoscienceWindow.Wellsection.Plugin.Petrel.Styles.TemplateDefinition.WellLogTemplateDefinitionStyle&amp;id=84149997-9541-436f-818e-7b8c869a7d12</Droid>
              <PrimaryDomainObject>V=1&amp;Template.Droid=%3A%2F%2F1d9a2dd1-dd1d-4676-a92e-6057e64d33c2%2F00000038-0000-0000-0000-000000000000&amp;Template.Name=Sonic</PrimaryDomainObject>
              <SecondaryDomainObject></SecondaryDomainObject>
              <TertiaryDomainObject></TertiaryDomainObject>
              <IsTertiaryCheckBoxChecked>false</IsTertiaryCheckBoxChecked>
              <FilterString></FilterString>
              <MatchSimilar>false</MatchSimilar>
              <IsCreatedFromTemplatePage>true</IsCreatedFromTemplatePage>
              <DefinitionEntries />
            </WellLogTemplateDefinitionStyle>
            <WellLogGeneralSettingsStyle>
              <Droid>://Slb.GeoscienceWindow.Framework.Core.DataSource.CoreDataSource/Type=Slb.GeoscienceWindow.Wellsection.Plugin.Petrel.Styles.WellLogGeneralSettingsStyle&amp;id=1cc90646-0c71-4133-bbf6-c3a632159413</Droid>
              <CurveLimitMethod>Auto</CurveLimitMethod>
              <UseMinValue>true</UseMinValue>
              <UseMaxValue>true</UseMaxValue>
              <MinValue>40</MinValue>
              <MaxValue>140</MaxValue>
              <Direction>Reverse</Direction>
              <WrapLog>None</WrapLog>
            </WellLogGeneralSettingsStyle>
            <WellLog2DLogStyle>
              <Droid>://Slb.GeoscienceWindow.Framework.Core.DataSource.CoreDataSource/Type=Slb.GeoscienceWindow.Wellsection.Plugin.Petrel.Styles.WellLog2DLogStyle&amp;id=865f5ee7-b49e-44e0-9175-9739a8f04ae6</Droid>
              <DisplayMode>Line</DisplayMode>
              <LineColorType>Other</LineColorType>
              <LineColor>-16776961</LineColor>
              <LineWidth>1</LineWidth>
              <LineType>Solid</LineType>
              <BlockCurve>NONE</BlockCurve>
              <PointColorType>Black</PointColorType>
              <PointColor>-65536</PointColor>
              <PointsSize>5</PointsSize>
              <PointsSymbol>Circle</PointsSymbol>
              <DictionaryBorder>true</DictionaryBorder>
              <DictionaryColorFill>true</DictionaryColorFill>
              <DictionaryPattern>false</DictionaryPattern>
              <DictionaryText>true</DictionaryText>
              <UseAutoSettingForWrap>true</UseAutoSettingForWrap>
              <MinWrapColorType>Black</MinWrapColorType>
              <MinWrapColor>-16777216</MinWrapColor>
              <MinWrapStyle>Dotted</MinWrapStyle>
              <MinWrapWidth>1</MinWrapWidth>
              <MaxWrapColorType>Black</MaxWrapColorType>
              <MaxWrapColor>-16777216</MaxWrapColor>
              <MaxWrapWidth>1</MaxWrapWidth>
              <MaxWrapStyle>Dotted</MaxWrapStyle>
              <MinWrapFillColorType>None</MinWrapFillColorType>
              <MinWrapFillColor>16777215</MinWrapFillColor>
              <MaxWrapFillColorType>None</MaxWrapFillColorType>
              <MaxWrapFillColor>16777215</MaxWrapFillColor>
            </WellLog2DLogStyle>
          </Styles>
          <CustomAttributes />
        </LogFormatTemplate>
      </Children>
      <CustomAttributes />
    </DataTrackFormatTemplate>
  </BoreholeTemplateItems>
  <WellsectionTemplateItems />
  <CorrelationTemplateItems />
  <DeviatedTemplateItems />
  <Color>LightBlue</Color>
  <Comment>Well section template</Comment>
</FormatTemplate>