<?xml version="1.0"?>
<ModelingDataSource Type="IDataSource" Version="4.1">
  <LastId>0</LastId>
  <StructuralModelCollectionImpl Type="IDomainObjectImpl" Version="4.1">
    <DroidString>://StructuralModelingData/Type=IStructuralModelCollectionImpl&amp;Id=296cc146a42d4471b6b0c837c41b6bf8</DroidString>
    <ModelingEntityId>296cc146a42d4471b6b0c837c41b6bf8</ModelingEntityId>
    <Name>Structural modeling root Thursday 02/01/2018 09:23:16</Name>
    <Color>0</Color>
    <LastModificationTime>636530737960852352</LastModificationTime>
    <LastModificationUser>bormap</LastModificationUser>
  </StructuralModelCollectionImpl>
</ModelingDataSource>