﻿<?xml version="1.0" encoding="utf-8"?>
<RiskTheme version="2016.3">
  <ShapeMapType>Type</ShapeMapType>
  <ColorMapType>SeverityLevel</ColorMapType>
  <PatternMapType>ProbabilityLevel</PatternMapType>
  <MappingOfRiskSeverity>
    <ShapeMapping>
      <index0 SeverityLevel="Unknown" Shape="Pentagonal prism" />
      <index1 SeverityLevel="Light" Shape="Cuboid" />
      <index2 SeverityLevel="Serious" Shape="Octagonal prism" />
      <index3 SeverityLevel="Major" Shape="Cylinder" />
      <index4 SeverityLevel="Catastrophic" Shape="Blade" />
      <index5 SeverityLevel="Multi catastrophic" Shape="Hexagonal prism" />
    </ShapeMapping>
    <ColorMapping>
      <index0 SeverityLevel="Unknown" Color="Gray" />
      <index1 SeverityLevel="Light" Color="Blue" />
      <index2 SeverityLevel="Serious" Color="Green" />
      <index3 SeverityLevel="Major" Color="Goldenrod" />
      <index4 SeverityLevel="Catastrophic" Color="Magenta" />
      <index5 SeverityLevel="Multi catastrophic" Color="Red" />
    </ColorMapping>
    <PatternMapping>
      <index0 SeverityLevel="Unknown" Pattern="Solid" />
      <index1 SeverityLevel="Light" Pattern="Brick" />
      <index2 SeverityLevel="Serious" Pattern="Diagonal" />
      <index3 SeverityLevel="Major" Pattern="Cross" />
      <index4 SeverityLevel="Catastrophic" Pattern="Dashed" />
      <index5 SeverityLevel="Multi catastrophic" Pattern="Weave" />
    </PatternMapping>
  </MappingOfRiskSeverity>
  <MappingOfRiskProbability>
    <ShapeMapping>
      <index0 ProbabilityLevel="Unknown" Shape="Pentagonal prism" />
      <index1 ProbabilityLevel="Improbable" Shape="Blade" />
      <index2 ProbabilityLevel="Unlikely" Shape="Octagonal prism" />
      <index3 ProbabilityLevel="Possible" Shape="Cylinder" />
      <index4 ProbabilityLevel="Likely" Shape="Cuboid" />
      <index5 ProbabilityLevel="Probable" Shape="Hexagonal prism" />
    </ShapeMapping>
    <ColorMapping>
      <index0 ProbabilityLevel="Unknown" Color="255, 0, 0" />
      <index1 ProbabilityLevel="Improbable" Color="255, 255, 0" />
      <index2 ProbabilityLevel="Unlikely" Color="0, 255, 0" />
      <index3 ProbabilityLevel="Possible" Color="0, 255, 255" />
      <index4 ProbabilityLevel="Likely" Color="0, 0, 255" />
      <index5 ProbabilityLevel="Probable" Color="255, 0, 255" />
    </ColorMapping>
    <PatternMapping>
      <index0 ProbabilityLevel="Unknown" Pattern="Solid" />
      <index1 ProbabilityLevel="Improbable" Pattern="Weave" />
      <index2 ProbabilityLevel="Unlikely" Pattern="Dashed" />
      <index3 ProbabilityLevel="Possible" Pattern="Cross" />
      <index4 ProbabilityLevel="Likely" Pattern="Diagonal" />
      <index5 ProbabilityLevel="Probable" Pattern="Brick" />
    </PatternMapping>
  </MappingOfRiskProbability>
  <MappingOfRiskCategory>
    <ShapeMapping>
      <index0 Category="Bit" Shape="Blade" />
      <index1 Category="Casing" Shape="Triangular prism" />
      <index2 Category="Completion" Shape="Cuboid" />
      <index3 Category="Directional drilling" Shape="Pentagonal prism" />
      <index4 Category="Equipment failure" Shape="Hexagonal prism" />
      <index5 Category="HSE" Shape="Octagonal prism" />
      <index6 Category="Hydraulics" Shape="Cylinder" />
      <index7 Category="Mechanical" Shape="Blade" />
      <index8 Category="Other" Shape="Triangular prism" />
      <index9 Category="Time related" Shape="Cuboid" />
      <index10 Category="Unknown" Shape="Hexagonal prism" />
      <index11 Category="Wellbore stability" Shape="Pentagonal prism" />
    </ShapeMapping>
    <ColorMapping>
      <index0 Category="Bit" Color="0, 255, 255" />
      <index1 Category="Casing" Color="127, 0, 255" />
      <index2 Category="Completion" Color="0, 0, 255" />
      <index3 Category="Directional drilling" Color="0, 255, 127" />
      <index4 Category="Equipment failure" Color="0, 127, 255" />
      <index5 Category="HSE" Color="255, 0, 127" />
      <index6 Category="Hydraulics" Color="255, 127, 0" />
      <index7 Category="Mechanical" Color="255, 255, 0" />
      <index8 Category="Other" Color="255, 0, 255" />
      <index9 Category="Time related" Color="127, 255, 0" />
      <index10 Category="Unknown" Color="255, 0, 0" />
      <index11 Category="Wellbore stability" Color="0, 255, 0" />
    </ColorMapping>
    <PatternMapping>
      <index0 Category="Bit" Pattern="Checker" />
      <index1 Category="Casing" Pattern="Frame" />
      <index2 Category="Completion" Pattern="Divot" />
      <index3 Category="Directional drilling" Pattern="Weave" />
      <index4 Category="Equipment failure" Pattern="Confetti" />
      <index5 Category="HSE" Pattern="Shingle" />
      <index6 Category="Hydraulics" Pattern="Brick" />
      <index7 Category="Mechanical" Pattern="Diagonal" />
      <index8 Category="Other" Pattern="Horizontal" />
      <index9 Category="Time related" Pattern="Cross" />
      <index10 Category="Unknown" Pattern="Solid" />
      <index11 Category="Wellbore stability" Pattern="Dashed" />
    </PatternMapping>
  </MappingOfRiskCategory>
  <MappingOfRiskType>
    <ShapeMapping>
      <index0 Type="Best practice" Shape="Blade" />
      <index1 Type="Event" Shape="Cuboid" />
      <index2 Type="Lessons learned" Shape="Cylinder" />
      <index3 Type="Near miss" Shape="Hexagonal prism" />
      <index4 Type="Other" Shape="Octagonal prism" />
      <index5 Type="Risk" Shape="Pentagonal prism" />
      <index6 Type="Unknown" Shape="Triangular prism" />
    </ShapeMapping>
    <ColorMapping>
      <index0 Type="Best practice" Color="0, 0, 255" />
      <index1 Type="Event" Color="0, 255, 0" />
      <index2 Type="Lessons learned" Color="255, 0, 255" />
      <index3 Type="Near miss" Color="0, 255, 255" />
      <index4 Type="Other" Color="255, 0, 127" />
      <index5 Type="Risk" Color="255, 255, 0" />
      <index6 Type="Unknown" Color="255, 0, 0" />
    </ColorMapping>
    <PatternMapping>
      <index0 Type="Best practice" Pattern="Dashed" />
      <index1 Type="Event" Pattern="Diagonal" />
      <index2 Type="Lessons learned" Pattern="Weave" />
      <index3 Type="Near miss" Pattern="Cross" />
      <index4 Type="Other" Pattern="Checker" />
      <index5 Type="Risk" Pattern="Brick" />
      <index6 Type="Unknown" Pattern="Solid" />
    </PatternMapping>
  </MappingOfRiskType>
</RiskTheme>